0.333606591407631,1.56896450666503,1.46820905244886,1013.2122,1,1
0.339012995106351,0.684543677892992,0.86635580681287,1021.88753333333,2,2
0.507552927716956,0.544821641020844,0.721093791635701,1021.9209,2,2
0.585660157911616,-0.241192060825578,0.826828695424318,1046.97926666667,3,3
0.757525398249676,0.352199347771757,0.514948687300394,1047.4464,4,3
0.592051868045878,-0.270326663838431,0.743963583316181,1050.98326666667,5,4
0.591391750047712,-0.27044207039105,0.743428110435392,1055.4544,6,5
0.567556435741846,-0.255340083528906,0.834785810018698,1056.72233333333,7,6
0.399699385219272,0.235074141746883,0.84196989364241,1059.82543333333,8,7
0.0582119824947523,-0.221962339607651,1.07654970775542,1060.12573333333,9,7
0.0495755250027939,-0.342566098924853,1.31570418346083,1063.22883333333,10,8
0.419473698456532,-2.12290820351833,1.32389239144834,1069.10136666667,11,9
0.546243081493554,-0.304028247217758,0.87376665547331,1071.8708,12,10
0.625349161429083,-0.271437751593902,0.750803782377502,1078.01026666667,13,11
0.744077230880248,-0.252886969426168,0.726351742139502,1080.24583333333,14,12
0.742783092686625,-0.221162196097352,0.836756156526744,1084.5835,15,13
0.620312099622258,-0.24548082998548,0.78929942310306,1181.7806,16,14
0.497227439972033,-0.25210448793188,0.471992171264303,1190.65613333333,17,15
1.1895109707695,0.477725847295067,-0.795036749573099,1197.42956666667,18,16
0.94776618052848,0.270908500686974,0.767760100322982,1229.09453333333,19,17
0.492398363033573,0.564434889307632,0.588039451770016,1237.36946666667,20,18
0.491341873030541,-0.263359097569519,1.23853720717692,1241.3401,21,19
0.575015704116811,0.591044170255314,0.669749598595061,1259.42483333333,22,20
0.680234739092888,-0.145983290527679,0.773516810325502,1263.39546666667,23,21
0.827370354046382,-0.249762574402609,0.567259620899014,1306.97233333333,24,22
0.700783655421345,-0.246502611311139,-0.00706807390533071,1315.78113333333,25,23
0.539716699389024,-0.287109496004472,0.221558670179724,1315.98133333333,26,23
0.671384521255969,-0.40053674074168,-0.0821348479184497,1343.6423,27,24
0.605009735853456,-0.273109664734674,0.743263578757731,1346.37836666667,28,25
0.606156329398554,-0.334343049760053,0.43893114912071,1350.41573333333,29,26
0.709056938818957,-0.232349599885918,0.786809748500097,1353.78576666667,30,27
0.784894461904616,0.647106411298997,-0.714316559180331,1394.72666666667,31,28
-1.70460166259668,1.10261786672236,2.35674571276952,1406.13806666667,32,29
-1.91807378535834,1.31566405884782,2.61861110879234,1406.17143333333,33,29
0.606972786873005,-0.270844254020897,0.544308420215165,1407.13906666667,34,30
-0.148980400480609,-0.378817357443732,-1.67515589877019,1441.60683333333,35,31
0.726818086430248,-0.27373412648813,0.587014832022463,1452.51773333333,36,32
0.615812803565999,-0.326150365532798,0.417514345568317,1498.93076666667,37,33
0.607192194121205,-0.270769152941939,0.544100304936833,1513.8123,38,34
0.834410531576715,1.36106393664004,1.19920818301051,1514.67983333333,39,35
0.729372066075852,-0.275705944005743,0.621786004603763,1520.08523333333,40,36
0.546109851552033,-0.386366406396073,0.404158609368073,1576.80856666667,41,37
0.482071992097384,-0.100494396310899,0.521762526576811,1581.61336666667,42,38
0.63620628683523,-0.244370486932722,0.791491636684436,1586.81856666667,43,39
0.700912876639331,-0.128583491839693,1.14174294848398,1707.5058,44,40
0.0652219695753179,-0.0270145148027606,-6.61005484665357,1710.9092,45,41
0.74075381950376,-0.368963393800845,-0.084492294626899,1763.1614,46,42
0.524696473232649,-0.278554137577093,0.469997874029677,1793.95883333333,47,43
0.53019740393436,0.598195535752732,0.685465940129793,1818.88373333333,48,44
0.879904528445291,0.865671136712591,3.2451832921792,1828.7269,49,45
0.68255406741048,-0.267428394561595,0.816398524247191,1833.06456666667,50,46
0.484922736164304,-0.0878794727022976,0.908602277861555,1923.38813333333,51,47
0.553938561755435,-0.283508524625046,0.577359414664486,1953.91863333333,52,48
0.493738108993138,-0.306642412345129,0.464549700635377,1955.38676666667,53,49
0.648732661357638,-0.422249094907087,-0.165631395170031,1959.49086666667,54,50
-2.23636707263615,-7.27003541312341,2.28153738735051,1960.59196666667,55,51
-1.70488330546962,-6.80618118543308,2.14129032626065,1963.92863333333,56,52
-1.73007093473091,-6.8980757851686,2.15660513117315,1963.962,56,52
-0.219897257474792,-4.21295467454647,1.73131927523085,1977.24193333333,57,53
-0.234328139195925,-4.27063760254933,1.74279592621177,1977.2753,57,53
-0.126064408271107,-3.42832475593551,1.74318495714981,1980.51186666667,58,54
-0.116295244011122,-3.38979984586696,1.72881988809819,1980.54523333333,58,54
0.137612743921061,-2.72898844390332,1.29411045943011,1983.91526666667,59,55
0.137677908338489,-2.72106935990537,1.28818032484989,1983.94863333333,59,55
0.134560573735504,-2.73560003271009,1.2877552959907,1983.982,59,55
0.100628391064498,-2.39787521234651,1.16968546533541,1987.25193333333,60,56
-0.444592755995659,-1.69437375192367,1.24707234040775,1990.62196666667,61,57
-1.36950714511445,-1.3636894874241,1.31726490355035,1993.95863333333,62,58
-1.37570558769125,-1.36680947048975,1.3174541468234,1993.992,62,58
-1.37521799234617,-1.36552832196593,1.31387880461075,1994.02536666667,62,58
-1.56737652575218,-2.42947135821102,1.50439865562987,1997.36203333333,63,59
-1.56356579768015,-2.43499373211119,1.49975663853658,1997.3954,63,59
0.0487821892392793,-4.12607879697823,1.94099585299575,2003.96863333333,64,60
0.0441627645392917,-4.13972324889796,1.94133797451604,2004.002,64,60
-0.474018494013609,-6.17656459097626,2.13207732962835,2010.37503333333,65,61
0.70896364152701,-0.231928083056717,0.787336478717216,2014.67933333333,66,62
-0.212632836839367,-5.71087304439975,1.89165527336583,2036.034,67,63
-0.214690596537663,-5.72758175982388,1.89057768897427,2036.06736666667,67,63
-0.200033259663085,-5.64137180648422,1.86722150981806,2036.10073333333,67,63
0.477368540832787,0.571454610395396,0.414486199542447,2038.036,68,64
0.142701106248532,-4.67700948697092,2.33607979314371,2042.40703333333,69,65
0.144781962094993,-4.66025776026729,2.33037947151213,2042.4404,69,65
0.145236897914781,-4.68650251615114,2.33903089281441,2042.47376666667,69,65
0.178481955610812,-4.64259549249978,2.29333735309552,2042.70733333333,70,65
0.175127168477617,-4.71519382091817,2.31695423511859,2042.7407,70,65
0.544386977912757,0.52466319416848,0.460836882137407,2096.82806666667,71,66
10.2525901360507,-1.05770024058264,2.56705948574497,2107.53876666667,72,67
10.2585808427996,-1.09724918817326,2.5785281421369,2107.57213333333,72,67
9.85310882681162,-1.33109225386573,2.55501325484623,2107.8057,73,67
9.77988569542952,-1.35073018305713,2.55319011014669,2107.83906666667,73,67
9.9159593027039,-1.40208228193727,2.58691560578501,2107.87243333333,73,67
0.5439899390043,0.524692664870264,0.461039582342566,2110.0079,74,68
9.28976823727541,-4.33384875608215,2.83896462787479,2110.74196666667,75,69
-6.38538103632264,-9.85563590519036,3.32857192084218,2112.64386666667,76,70
9.45196456318399,-3.21703911046084,3.01719997916755,2115.48003333333,77,71
9.45100095631402,-3.20366466421609,3.02193729417772,2115.5134,77,71
5.55860384912484,-1.68984726105064,2.39712623734154,2117.94916666667,78,72
5.52382824310645,-1.68566038968824,2.40070416907956,2117.98253333333,78,72
5.18788100033528,-1.63283490539913,2.38254675502224,2118.18273333333,79,72
5.14712367237828,-1.62654734810032,2.38192678517859,2118.2161,79,72
5.11504839355725,-1.62521897164218,2.38461215351094,2118.24946666667,79,72
2.045878480207,-1.8950900139196,2.16641545426081,2120.4183,80,73
2.02450621308761,-1.92672773121612,2.18046065471096,2120.45166666667,80,73
1.97164691925743,-1.92750590618094,2.16791161097974,2120.48503333333,80,73
1.94863221006615,-1.95555795818695,2.17746671984508,2120.5184,80,73
1.72811830781041,-2.09944065447515,2.16793676532454,2120.7186,81,73
1.69803296989967,-2.11810681277527,2.16389829859447,2120.75196666667,81,73
1.66965518074673,-2.13766864440725,2.15800955024845,2120.78533333333,81,73
1.65601848500225,-2.17757162178706,2.16798529903737,2120.8187,81,73
0.489942895327204,-3.31075000225299,2.12247082537649,2123.35456666667,82,74
0.473869766972168,-3.33274152981468,2.13259424333641,2123.38793333333,82,74
0.459404382390089,-3.34028627260121,2.13731324548515,2123.4213,82,74
0.361123657510669,-3.38316700093418,2.13680478814781,2123.68823333333,83,74
0.356710002101327,-3.37892614045642,2.1330310970666,2123.7216,83,74
0.629781806177338,0.241225701574148,1.28782392969012,2130.96216666667,84,75
-6.37125324828878,4.65484044873755,3.50677747144402,2134.59913333333,85,76
-6.37499781480169,4.66539524783735,3.51371740683477,2134.6325,85,76
-6.3009191306165,4.57025318468192,3.47478446355263,2134.89943333333,86,76
-5.06666936141165,3.1250798616583,3.67706443636682,2136.86806666667,87,77
-5.00937708939779,3.07702573477843,3.65770698619392,2136.90143333333,87,77
-4.97069524931247,2.88442086452413,3.6680100315733,2137.135,88,77
-4.9572790769491,2.85132184316613,3.6576220832987,2137.16836666667,88,77
-3.62370725132483,0.781665074519109,3.24676610210702,2139.10363333333,89,78
-3.59569291232893,0.756147817505535,3.23969573726524,2139.137,89,78
-3.51183654143031,0.584986864170323,3.19658331542062,2139.37056666667,90,78
-3.50346594224426,0.565797695129864,3.184559240255,2139.40393333333,90,78
-3.51117966004248,0.544528976989614,3.17732551621358,2139.4373,90,78
-4.12025026958032,-0.859500935829715,2.95555220986767,2141.4393,91,79
-4.12258724682946,-2.0530404584179,3.34568282762441,2144.10863333333,92,80
-4.13190493327798,-2.06625079110546,3.35735511458084,2144.142,92,80
-4.0920527640932,-2.10256884168881,3.33759859383045,2144.37556666667,93,80
-4.09309624324029,-2.11036362466186,3.34012574200884,2144.40893333333,93,80
-4.09728365405061,-2.12138183604727,3.33852803031539,2144.4423,93,80
-3.56367155108098,-3.54253014382315,3.59037637579069,2147.01153333333,94,81
-3.56475860384446,-3.56679886786199,3.58747868102713,2147.0449,94,81
-0.982365498726563,-4.53024839141932,2.78557366314723,2149.01353333333,95,82
-0.566835940055511,-4.45843154307485,2.56972041591819,2149.2471,96,82
-0.529304941981007,-4.46282329549295,2.556051015431,2149.28046666667,96,82
-0.497739994469083,-4.50870891648514,2.55571427643011,2149.31383333333,96,82
1.72469620168502,-4.68877251603871,2.77973033759388,2151.28246666667,97,83
1.75841073698081,-4.75189520152613,2.81169969851876,2151.31583333333,97,83
1.92839131807821,-4.781845305392,2.82286588414422,2151.58276666667,98,83
1.94249070339191,-4.78053438710551,2.8184559147072,2151.61613333333,98,83
4.13965757062378,-4.5297168473632,2.85061019348277,2154.48566666667,99,84
4.13597723580743,-4.48563505133063,2.83621815625347,2154.51903333333,99,84
4.23532839795993,-4.31894868981248,2.796396033665,2154.7526,100,84
4.26005296915166,-4.33003744449833,2.80135803697339,2154.78596666667,100,84
4.23728347417953,-4.28050751581141,2.77949090071076,2154.81933333333,100,84
3.88521271899394,-4.62576218003496,2.63628513348722,2157.68886666667,101,85
3.88017495626632,-4.63738029355842,2.62673151867802,2157.72223333333,101,85
2.22734009187639,-5.42473659206203,2.8522264224492,2159.99116666667,102,86
2.21229287780506,-5.45801841922944,2.85959191956932,2160.02453333333,102,86
2.08071628161754,-5.52581013374231,2.86815590935563,2160.2581,103,86
2.07031534732685,-5.5444104831722,2.87135558725277,2160.29146666667,103,86
-4.86397997746593,-9.51872262387237,2.82967897321701,2231.96306666667,104,87
-4.92417787011222,-9.60876834302309,2.85142289118342,2231.99643333333,104,87
-3.02571314718368,-8.08851996480717,2.79206172181595,2241.8396,105,88
-2.9512590192349,-7.92966214588161,2.75142365324764,2241.87296666667,105,88
-3.19102120265835,-8.02941525137402,3.24295452124354,2244.97606666667,106,89
-3.12777464102563,-7.89829019079641,3.20142909764682,2245.00943333333,106,89
-3.12486612125313,-7.89351942518196,3.19616449678535,2245.0428,106,89
-2.969840076359,-7.76448639289909,3.48718038017463,2245.67676666667,107,89
-2.92993987728653,-7.65686311501805,3.45585397379087,2245.71013333333,107,89
-2.59853713752056,-7.77095865051656,2.70262779864634,2250.11453333333,108,90
-1.59963459065077,-6.20053931619755,2.33734864758879,2251.41583333333,109,91
-0.500227133396556,-5.56225327902604,2.29318614597198,2255.253,110,92
0.0702696167609533,-5.49481881801187,2.45969132155872,2260.7585,111,93
0.0730186640451147,-5.49584877092115,2.45883663463205,2260.79186666667,111,93
-2.34014806503646,-5.07017946318394,2.06935706945983,2264.3621,112,94
-2.30988497679373,-5.02801215165309,2.0539974391685,2264.39546666667,112,94
3.89514811494332,5.71993432358614,4.365191293385,2265.32973333333,113,95
4.8539922507252,4.47454717126394,4.19183463251751,2266.5643,114,96
-3.20575179345588,-4.65972606898257,1.79808462538081,2267.265,115,97
-1.91001517188276,-5.62355046030297,2.09894847953671,2267.43183333333,116,98
0.707271351933193,-4.03966914387497,2.06143851062078,2267.4652,117,99
0.707404610904958,-3.79874413301621,1.97927599403908,2267.49856666667,117,99
6.13041889192486,2.88703102645781,3.82619068418055,2267.7655,118,100
7.1947703784326,1.19856369462869,3.45779446958245,2268.93333333333,119,101
2.42915161052686,-5.5221041171717,2.77549947957705,2270.9687,120,102
2.43535044080085,-5.49111167476931,2.76576490381099,2271.00206666667,120,102
2.46971373937293,-5.5449050291981,2.786052396423,2271.03543333333,120,102
3.18207649010467,-4.63655989648343,2.68553672140463,2274.0718,121,103
3.21343152491063,-4.68598973966999,2.70840169060783,2274.10516666667,121,103
3.18937175933377,-4.64171013764122,2.69128907789686,2274.13853333333,121,103
3.1971905174208,-4.65503840568583,2.69727406309818,2274.1719,121,103
2.56094982839262,-4.33799406312898,2.39759153363713,2277.3751,122,104
2.56963216024216,-4.36492170551277,2.40422799332295,2277.40846666667,122,104
2.56045202564381,-4.34172501921969,2.39314858174368,2277.44183333333,122,104
2.58599926283334,-4.39772406085208,2.41122362874548,2277.4752,122,104
2.56127821447725,-4.34251000781621,2.3870110431554,2277.50856666667,122,104
1.54267076049991,-5.4793764108032,2.87255406030798,2280.51156666667,123,105
1.55520367595734,-5.51254768393149,2.88331304263403,2280.54493333333,123,105
1.56027422367954,-5.51951206196861,2.88346573430052,2280.5783,123,105
3.01008632748071,-4.05818328933527,2.18039283610348,2280.5783,124,106
3.00178064681237,-4.04834141332184,2.17181061542851,2280.61166666667,124,106
2.98324472997031,-4.01243737882109,2.15814324495911,2280.64503333333,124,106
2.98688797784464,-4.02044714143944,2.15722103199902,2280.6784,124,106
4.45806137481005,-2.35985467021637,2.21315789197218,2287.05143333333,125,107
4.47439468397082,-2.36250687681861,2.21754825703912,2287.0848,125,107
4.48805667097329,-2.36462216181516,2.22397579212603,2287.11816666667,125,107
4.48605139694964,-2.35865631564635,2.21902810477572,2287.15153333333,125,107
3.52282481653443,-3.9271381144604,2.56946054253277,2287.11816666667,126,108
3.5477897029225,-3.95347346327886,2.5809019672446,2287.15153333333,126,108
3.52744085713153,-3.91657912973809,2.56412833473916,2287.1849,126,108
3.53584548981898,-3.92388914329783,2.5668704029526,2287.21826666667,126,108
0.494794939333074,0.541983125921487,0.519103505664289,2287.61866666667,127,109
4.91318981489328,-0.817494019900675,1.82802642056653,2290.288,128,110
4.93136982749149,-0.814034684202878,1.82671398622235,2290.32136666667,128,110
4.92542800711037,-0.803140686757169,1.81884024804633,2290.35473333333,128,110
4.92238881962608,-0.794840013619771,1.81259308344391,2290.3881,128,110
4.65953845382522,-4.03780208941977,2.61407626186448,2290.55493333333,129,111
4.65265972183828,-4.0268962033171,2.60746431897923,2290.5883,129,111
0.557935136166703,-0.271613740943856,0.576723659718202,2292.45683333333,130,112
5.51758000398062,0.495655829231453,1.65818607861487,2293.35773333333,131,113
5.53631892371,0.501125025230876,1.65385939593989,2293.3911,131,113
5.5337452068689,0.504841375039228,1.64462236890152,2293.42446666667,131,113
5.53231879940323,0.509235739608585,1.63809683460522,2293.45783333333,131,113
0.554707162464936,-0.120053060868891,0.842996304738876,2294.292,132,114
0.550108767090445,-0.277575826948297,0.482302296267488,2294.292,133,115
6.00420471579517,-1.93952974721697,2.19968278777106,2295.22626666667,134,116
6.01110718690568,-1.9384224893474,2.19382853747138,2295.25963333333,134,116
6.01258359978921,-1.93883012182801,2.18658352642167,2295.293,134,116
5.98884683760069,-1.92553978649501,2.17008836316771,2295.32636666667,134,116
6.07004471317611,1.63994485175598,1.89307617017334,2296.46083333333,135,117
6.09888096913067,1.65329799116027,1.89821488627135,2296.4942,135,117
6.1020247860444,1.66136863768616,1.89781341691395,2296.52756666667,135,117
6.45544821701247,-0.931311704007319,1.66367850032797,2298.4962,136,118
6.80320824390358,2.53172747564049,1.94511674452623,2299.7975,137,119
6.63048685018141,0.118912335438969,1.52354329802481,2301.73276666667,138,120
6.78643450676266,0.115105668495023,1.54477682890315,2301.76613333333,138,120
6.68008091321964,0.12883195972819,1.52614942481695,2301.7995,138,120
6.67909764528238,0.12930889971984,1.52372988936708,2301.83286666667,138,120
0.550536770738641,0.627567410310727,0.437459620816995,2301.93296666667,139,121
6.8119111762117,1.28727597095469,1.70927756925617,2305.06943333333,140,122
6.84118938006248,1.2995644953439,1.71553606751368,2305.1028,140,122
6.82114204429461,1.30034333995396,1.71455007028656,2305.13616666667,140,122
7.75813706804089,1.82847981999396,2.42573886902733,2306.77113333333,141,123
7.70694092231097,1.81148912206978,2.41706206150785,2306.8045,141,123
7.73095557627304,1.80731282232016,2.42036863577745,2306.83786666667,141,123
6.0262715874555,2.92723565287935,2.2825827352843,2309.6073,142,124
6.01471444550253,2.92580236118273,2.28716079949851,2309.64066666667,142,124
6.00774484939185,2.923699188604,2.2871306064625,2309.67403333333,142,124
8.83091002003989,1.08598264904438,2.39695219648983,2310.27463333333,143,125
8.80081212070795,1.08115334497127,2.38053724153888,2310.308,143,125
4.85336860825268,3.75289140328575,2.60707972250537,2312.9106,144,126
4.86690695851301,3.75872350162194,2.60835623164228,2312.94396666667,144,126
4.8448049722488,3.74121509760932,2.59753722653994,2312.97733333333,144,126
9.95465553718056,2.8415767673177,2.37985213608994,2316.68103333333,145,127
9.95181639420776,2.84303511865294,2.38336003739561,2316.7144,145,127
0.570465102138953,-0.0763949650891568,1.19363303356296,2323.18753333333,146,128
5.77625340967361,2.36966598769596,2.11473604811341,2332.39673333333,147,129
5.78632466211848,2.336416441839,2.10738896163028,2332.4301,147,129
5.85892669670479,2.10465299985405,2.08088241027037,2332.6303,148,129
5.87325307134328,2.07998426941611,2.08355551537981,2332.66366666667,148,129
5.88359372448983,2.04931653563747,2.08319363637505,2332.69703333333,148,129
6.66723142902951,-0.934607316671444,2.11534542552705,2335.7334,149,130
6.67801811223641,-0.954382837951326,2.12103628518983,2335.76676666667,149,130
6.65722222643806,-0.966722485256926,2.12076834362746,2335.80013333333,149,130
6.59145071841448,-1.07389488924493,2.11307060031846,2336.00033333333,150,130
6.5752883127458,-1.08651357206438,2.11261579105828,2336.0337,150,130
4.97232940900307,-2.8030308203996,2.24179010550486,2338.9366,151,131
4.94862193771032,-2.81062456113418,2.23899788513318,2338.96996666667,151,131
4.81608898031475,-2.87532284936901,2.23369905390248,2339.20353333333,152,131
4.82473910228032,-2.89461177626935,2.23920869589147,2339.2369,152,131
4.80507216272394,-2.89463002194059,2.23249729144963,2339.27026666667,152,131
4.48116895162936,-4.50512872971244,2.57791068308416,2342.00633333333,153,132
4.49572682571211,-4.54024880268071,2.59030962740467,2342.0397,153,132
4.46111180487258,-4.65190249170425,2.61339162057952,2342.27326666667,154,132
4.42661683322349,-4.62902385069903,2.60210555572719,2342.30663333333,154,132
0.206838902363229,-5.09255792358641,2.22438756539356,2347.77876666667,155,133
0.1952254820292,-5.14070581647402,2.23260558457405,2347.81213333333,155,133
0.424341931073951,0.59810552951003,0.380202148353544,2361.99296666667,156,134
0.486428321232003,0.415890823025383,0.940379990214962,2375.43973333333,157,135
-2.0920902967587,4.25928447078431,3.10676162918196,2377.90886666667,158,136
-2.07299040033618,4.22492944529802,3.09371719453434,2377.94223333333,158,136
-2.06721780283474,4.2132412163967,3.09692842114287,2377.9756,158,136
-1.89666425740613,2.34297436878504,2.48146339985423,2380.41136666667,159,137
-1.87568212727336,2.31401554886818,2.46994578167563,2380.44473333333,159,137
-1.87914466319909,2.30319875652237,2.47179461328924,2380.4781,159,137
-1.49624635903812,0.420007627397511,1.7794854610565,2383.4811,160,138
-1.48611901414794,0.413844899716421,1.77664338729811,2383.51446666667,160,138
-1.47943607009612,0.405728080168353,1.77417948981494,2383.54783333333,160,138
-1.47425781049236,0.398607501213574,1.77378856704272,2383.5812,160,138
-1.42833951795206,0.359024404137529,1.75592569066599,2383.74803333333,161,138
-1.41643943514096,0.354980591974828,1.75208183379057,2383.7814,161,138
-1.41349913961883,0.351514678149403,1.75077193341957,2383.81476666667,161,138
-1.40440492338489,0.34629471508463,1.74673335836237,2383.84813333333,161,138
0.858602630917181,0.638144810988704,1.4299135823169,2385.7834,162,139
-0.668719261620143,-0.961214172783656,1.70472363210309,2386.384,163,140
-0.672166987407314,-0.96880513869492,1.7077588706444,2386.41736666667,163,140
-0.671856803352025,-0.976275294980927,1.70660172420764,2386.45073333333,163,140
-0.673707870819586,-0.984561960855371,1.70603306646292,2386.4841,163,140
-0.690056425185786,-1.03973618508154,1.70048098028,2386.6843,164,140
-0.693820412300955,-1.04654616925228,1.69913346700362,2386.71766666667,164,140
-0.697862368952867,-1.05492411339317,1.69765922115854,2386.75103333333,164,140
-1.38832250832332,-2.15138415372751,1.8094830733262,2388.9866,165,141
-1.39407050146812,-2.15719844386134,1.81109890149257,2389.01996666667,165,141
-1.43339732198606,-2.20680729377533,1.79997290604397,2389.25353333333,166,141
-1.43864972479088,-2.21541074564528,1.79789614554555,2389.2869,166,141
0.413746705648702,0.455910900631403,2.03991502306487,2392.4901,167,142
-0.388492651753614,-4.20790583276835,1.83834340335609,2395.12606666667,168,143
-0.398926783889425,-4.26234429829531,1.85251526952483,2395.15943333333,168,143
-0.402493194922359,-4.3172193878761,1.86365906155876,2395.1928,168,143
-0.227206178101364,-5.31933545960755,2.03316992468935,2401.43236666667,169,144
0.703765874692448,-0.277306648059157,-0.0281984222903681,2417.18143333333,170,145
-4.55896241421109,-9.29014297755303,2.73153601419541,2422.95386666667,171,146
0.708488488867804,-0.232574141367385,0.786848136377365,2424.1217,172,147
0.560790605117146,-0.223086082278375,0.868443169118891,2424.45536666667,173,147
0.580059374824738,-0.348071062423089,1.43921913811165,2424.48873333333,174,147
-2.83883401971921,-8.69314681839598,2.74761133237731,2429.7273,175,148
0.773731147367078,-0.214409275109733,0.753689556919712,2442.30653333333,176,149
3.15551567523438,-5.64041637808499,2.70402768883917,2442.3399,177,150
-0.712352271610957,-5.82018228052837,2.19082602360124,2443.60783333333,178,151
-0.685516435468738,-5.7068921505929,2.16015849572993,2443.6412,178,151
5.77832304152832,-6.4334456212904,3.25269631556291,2445.8434,179,152
5.76561956801015,-6.41057266989605,3.23886959627937,2445.87676666667,179,152
0.717759314649658,-3.69048477946766,2.04544018726325,2454.1517,180,153
0.718907427583181,-3.76879311812802,2.07536854628742,2454.18506666667,180,153
0.721241662402686,-3.75761674402234,2.07261192673302,2454.2518,182,153
0.563546597282101,-0.384830319359593,0.889648666377229,2454.21843333333,181,154
-3.12607561887589,-9.25859737350854,3.46740336092233,2456.6542,183,155
1.37320004381038,-4.28532946578403,2.33185369939655,2457.68856666667,184,156
1.35650647319626,-4.19118773473688,2.29332792387853,2457.72193333333,184,156
1.3638762474816,-4.20772772895372,2.300398000083,2457.7553,184,156
1.3591397349226,-4.1621309064556,2.28271877083711,2457.78866666667,184,156
-1.61839226772721,-7.74043046773926,2.34586679546902,2463.09396666667,185,157
-1.65585633689556,-7.86836383270137,2.37391704768093,2463.12733333333,185,157
2.11359683141435,-4.9826839061896,2.61672755376912,2464.8624,186,158
2.71917918929823,-4.556918788369,2.19278409187594,2468.53273333333,187,159
2.72308731560515,-4.56890540110668,2.19539401002931,2468.5661,187,159
2.74298406447892,-4.61187412512973,2.2061561212489,2468.59946666667,187,159
2.71377787899892,-4.54310921660995,2.18196920155033,2468.63283333333,187,159
-0.209772736145408,-5.89374706966178,2.232574262713,2469.53373333333,188,160
-0.217597007745475,-5.95009772335935,2.24891554885981,2469.5671,188,160
-0.23387245276763,-6.07241733818803,2.28310436094981,2469.60046666667,188,160
2.72760520280631,-4.28479823313139,2.12825772683089,2472.10296666667,189,161
2.70361513954279,-4.22577961843436,2.11327647916654,2472.13633333333,189,161
2.70920240018823,-4.2355208150585,2.11830318893397,2472.1697,189,161
2.69125904613334,-4.18552413008287,2.10217561899827,2472.20306666667,189,161
3.0105926683408,-3.92474277112329,2.06616381459767,2475.60646666667,190,162
3.02013107086454,-3.94295976981272,2.07149240028515,2475.63983333333,190,162
3.0191857957504,-3.94483870924005,2.07124757984346,2475.6732,190,162
2.98799150277759,-3.89636003427526,2.0481936442734,2475.70656666667,190,162
-3.40544472006902,-8.04352963792639,2.47275979478001,2477.74193333333,191,163
-3.42723912934547,-8.08576582702002,2.47930074696563,2477.7753,191,163
2.96765372041203,-4.7747986293161,2.88646868561637,2482.34653333333,192,164
2.99485020500036,-4.79414264927674,2.90063895387839,2482.3799,192,164
3.00250289332325,-4.76863960134918,2.89919452613458,2482.41326666667,192,164
3.0216554741681,-4.77028021069452,2.90978527064204,2482.44663333333,192,164
4.2111809464187,-3.3275744421112,2.07651691120949,2482.61346666667,193,165
4.20835003470458,-3.32771833740192,2.07332455590386,2482.64683333333,193,165
4.21163229421007,-3.33390337548722,2.07336881407073,2482.6802,193,165
4.21449827633633,-3.33825213140884,2.07221962265348,2482.71356666667,193,165
3.97684586674301,-2.98291662999784,2.51035767755844,2485.9835,194,166
3.98844873992712,-2.98143138470452,2.51281142479071,2486.01686666667,194,166
3.99293179366763,-2.97704934996366,2.51477130416144,2486.05023333333,194,166
3.98836242548744,-2.96400492967888,2.51003911052847,2486.0836,194,166
4.59131085602923,-3.04186788994344,1.96005545205936,2486.1837,195,166
4.59942232440571,-3.05529660124318,1.95836305864522,2486.21706666667,195,166
4.57739558187513,-3.04321180269568,1.94801350402764,2486.25043333333,195,166
4.58211950307909,-3.05109912409611,1.94458767058723,2486.2838,195,166
5.33460947567953,-2.26175930255373,1.66489452846199,2489.82066666667,196,167
3.48094250167029,-3.69952146586093,2.29689184083534,2490.02086666667,197,168
3.46909335614859,-3.69716799107227,2.29704190362357,2490.05423333333,197,168
3.45223652704366,-3.68282697212044,2.29390345574176,2490.0876,197,168
3.46272856588656,-3.71054646699743,2.3039073903802,2490.12096666667,197,168
6.04680668427711,-1.93027935240472,1.31551158507009,2493.25743333333,198,169
2.65033501747263,-3.58323781480156,1.99749023466969,2493.491,199,170
2.63956972475261,-3.57216179125337,1.98939593096691,2493.52436666667,199,170
2.63684925422175,-3.5749239474223,1.98565313115916,2493.55773333333,199,170
2.607180853171,-3.52849541000072,1.96317402869822,2493.5911,199,170
6.6588944082035,-1.2989619623114,1.34069413406103,2496.66083333333,200,171
6.66801970996359,-1.30048796370282,1.34089304048318,2496.6942,200,171
6.68223724408442,-1.2960318339279,1.34553304693022,2496.72756666667,200,171
2.1344051344303,-3.22890104688679,1.61163067075164,2497.0946,201,172
2.13102924946213,-3.22612350699641,1.60999448285085,2497.12796666667,201,172
2.12646664366548,-3.21823643342559,1.60630908560088,2497.16133333333,201,172
2.14705632016361,-3.26211761959568,1.61804305377052,2497.1947,201,172
2.14209350959395,-3.25450411607499,1.6128683350372,2497.22806666667,201,172
7.04985079663335,-0.674069077407783,1.42760624017604,2500.0976,202,173
7.06631577686351,-0.678953448862295,1.42640766206383,2500.13096666667,202,173
7.07934591451355,-0.679532786701219,1.42634087331655,2500.16433333333,202,173
7.05323509962916,-0.674381634934652,1.4229064886505,2500.1977,202,173
1.92286192315984,-2.79215808454537,1.3939291676172,2500.7983,203,174
1.91584877130672,-2.77130579777594,1.38857593255056,2500.83166666667,203,174
1.90919795053134,-2.75349481360166,1.38386969307355,2500.86503333333,203,174
6.10083752970684,-1.06405557738747,1.84449527360148,2503.7012,204,175
6.12683100259405,-1.07191783167927,1.85225466376695,2503.73456666667,204,175
6.13048608908496,-1.07662618683586,1.85586602909442,2503.76793333333,204,175
6.12631832639842,-1.07904375612648,1.8561766331788,2503.8013,204,175
1.76876022283349,-2.11986293870901,1.35216961116944,2504.36853333333,205,176
1.76994091154273,-2.12011640449247,1.35101166221433,2504.4019,205,176
1.77081219903244,-2.12132279611555,1.34972867980099,2504.43526666667,205,176
1.7630618306043,-2.10564144527096,1.34331125954934,2504.46863333333,205,176
5.0092535663128,-1.21949357957264,1.67000206886612,2507.13796666667,206,177
5.02015862284444,-1.22298103594481,1.67226438365135,2507.17133333333,206,177
5.00986512675533,-1.21872733693503,1.66799512845408,2507.2047,206,177
4.99746054091926,-1.21428267690719,1.6624980939031,2507.23806666667,206,177
1.24662114305287,-1.62699529612241,1.29209333418448,2508.0055,207,178
1.25521734312341,-1.63566615551228,1.29692474794081,2508.03886666667,207,178
1.25920423264276,-1.63401739688187,1.29688802109736,2508.07223333333,207,178
1.261015287972,-1.62636040684415,1.29379722793319,2508.1056,207,178
1.26258663597708,-1.61847378444881,1.29012339141196,2508.13896666667,207,178
4.09719721972542,-0.841556872192411,1.66769799736317,2510.54136666667,208,179
4.10185288108101,-0.847248383411029,1.66825234052425,2510.57473333333,208,179
4.09772403910604,-0.851167982685593,1.66786367023112,2510.6081,208,179
4.09776077878259,-0.853628600395381,1.66765298447647,2510.64146666667,208,179
0.779960252980956,-1.30919916023283,1.33422075367141,2511.57573333333,209,180
0.779084677089947,-1.31086717960934,1.33202584930952,2511.6091,209,180
0.777169113267035,-1.31521419814944,1.33216312562815,2511.64246666667,209,180
0.776165282227485,-1.31889124443506,1.33257396925449,2511.67583333333,209,180
0.775679081659805,-1.31809562066582,1.33024213440836,2511.7092,209,180
3.7491970486879,0.0584036546259301,1.57331572773472,2513.94476666667,210,181
3.75027832388316,0.0656537989444218,1.56903721834554,2513.97813333333,210,181
3.75860736017547,0.0728651518258684,1.56836225846104,2514.0115,210,181
3.75752082092108,0.0826777498089485,1.56217030330441,2514.04486666667,210,181
3.75876137690499,0.0915296279458601,1.55771491126948,2514.07823333333,210,181
-0.315235446849648,-0.890962024268909,1.70215922323814,2515.2127,211,182
-0.3208180022313,-0.889738420532837,1.70320023753609,2515.24606666667,211,182
-0.327038762650395,-0.88978882456341,1.704992881282,2515.27943333333,211,182
-0.3320395420427,-0.889975459652183,1.70604362403363,2515.3128,211,182
-0.340791109824197,-0.895740325873672,1.71185164336873,2515.34616666667,211,182
3.60002890365869,1.04159158815985,1.45761819761724,2517.28143333333,212,183
3.59721013538975,1.04415189608412,1.45397113193509,2517.3148,212,183
3.60163776054165,1.0506534792449,1.4519009695857,2517.34816666667,212,183
3.60504868739285,1.05733841636056,1.45085112884654,2517.38153333333,212,183
3.5946715195519,1.06010330817233,1.4443160055974,2517.4149,212,183
-1.64895104240397,-0.43876517795257,1.6750074285564,2518.7162,213,184
-1.64877633012496,-0.438038458834799,1.67064618627226,2518.74956666667,213,184
-1.65395334639316,-0.438323920501927,1.66857355668055,2518.78293333333,213,184
2.97057381572032,1.51760042119342,1.45188528338225,2520.58473333333,214,185
2.96493768140818,1.51595737295766,1.44884148066459,2520.6181,214,185
2.96508180167956,1.52009390791968,1.45055047119554,2520.65146666667,214,185
2.96294504026699,1.52076376526702,1.44966015501558,2520.68483333333,214,185
2.95436969443224,1.52031284687971,1.44669841385039,2520.7182,214,185
-2.20045504449358,-0.795832964900686,1.90906476808107,2522.1196,215,186
-2.20612053109574,-0.791866918943867,1.90840530370291,2522.15296666667,215,186
-2.20754812321855,-0.786418343940242,1.90709658090004,2522.18633333333,215,186
1.75104715964398,1.22397407399808,1.6240165970004,2523.9214,216,187
1.7473164909488,1.22283582948149,1.62383405188943,2523.95476666667,216,187
1.73895602060029,1.22034884638396,1.62126356113291,2523.98813333333,216,187
1.73086966585379,1.21871116740266,1.61814160274056,2524.0215,216,187
1.72384491304902,1.21692092825741,1.61399717987829,2524.05486666667,216,187
-0.180598644788654,0.782919884185491,1.69630581180821,2527.4249,217,188
-0.191466662189572,0.792183672646139,1.69648501540978,2527.45826666667,217,188
-0.202137888738862,0.800871603129028,1.69562142426213,2527.49163333333,217,188
-0.212377277813437,0.80996319506486,1.69666928313922,2527.525,217,188
-0.224002041264974,0.819059040865002,1.6977229533437,2527.55836666667,217,188
-0.235669162710021,0.826958505901106,1.70006417077423,2527.59173333333,217,188
-1.89001365370633,1.15483912367069,1.83438636429807,2530.69483333333,218,189
-1.89838496022974,1.16059012619171,1.83755231097222,2530.7282,218,189
-1.90509722993964,1.16649825713821,1.83925704664444,2530.76156666667,218,189
-2.23579634601602,-3.97119484005566,1.96709451167603,2532.86366666667,219,190
-3.21296761297456,1.37431655021171,1.97195520239181,2534.0315,220,191
-3.2132003996485,1.37738340591157,1.96877434951411,2534.06486666667,220,191
-1.91329598064719,-5.21029499306559,1.94218160559999,2536.534,221,192
-4.05907205575395,1.93170694252784,2.16859371702168,2537.2347,222,193
-4.07053523546083,1.93642225067251,2.16889495669023,2537.26806666667,222,193
-4.05377523642477,1.92839319483003,2.16054589025619,2537.30143333333,222,193
-4.95346304890491,2.08262508203764,2.83495640734785,2540.67146666667,223,194
-5.00082089213426,2.09841326928961,2.8492740542428,2540.70483333333,223,194
-5.00430136312723,2.09514920753135,2.8480822779788,2540.7382,223,194
-4.74291338279696,-0.125747206325356,3.0539655301158,2544.00813333333,224,195
-4.75994863956731,-0.141992499645325,3.05101278930002,2544.0415,224,195
-3.53089942712596,-2.04749917814316,3.33207669286593,2546.97776666667,225,196
-3.51949911733467,-2.05648857966284,3.33594759665158,2547.01113333333,225,196
-3.51449301830675,-2.06798548971029,3.34295202826973,2547.0445,225,196
-3.51839802751573,-2.0840217981507,3.35550355465209,2547.07786666667,225,196
-2.04123552119949,-3.24034144126959,3.2860066132259,2550.01413333333,226,197
-2.02083968163953,-3.26062873515221,3.2867691056364,2550.0475,226,197
-2.00645952506104,-3.28703315947183,3.29067960401661,2550.08086666667,226,197
-1.82504382234765,-3.36186649188635,3.23948837052645,2550.31443333333,227,197
-1.81233234314128,-3.37838156077791,3.23745690372389,2550.3478,227,197
-0.274304066038561,-5.7536067153179,2.07841750818164,2551.08186666667,228,198
-0.242056907297208,-5.58950218083448,2.03745237939988,2551.11523333333,228,198
0.483074711022579,-3.62780115647088,2.2184544339003,2553.11723333333,229,199
0.48659611363915,-3.6301790629481,2.21662313049759,2553.1506,229,199
0.491971117307261,-3.62882006814297,2.21219369230854,2553.18396666667,229,199
0.81835151700262,-4.09171041690174,2.19504545517439,2558.2557,230,200
0.836910325577371,-4.27812862076081,2.26481534870241,2558.28906666667,230,200
0.841429663942136,-4.15468941080047,2.21962784719333,2558.32243333333,230,200
2.26766694141606,-5.60595568857441,2.46857805902266,2565.1626,231,201
2.26683425742639,-5.59722428098989,2.46925630317521,2565.19596666667,231,201
3.36920458686316,-5.4735497296839,2.50898841837807,2568.6661,232,202
3.37518023795858,-5.46549341004459,2.50381581289515,2568.69946666667,232,202
3.3988949254158,-5.48429956203589,2.50468756918096,2568.73283333333,232,202
3.36962057798966,-5.40285677633748,2.47061641520637,2568.7662,232,202
4.78858312939021,-4.56089559155145,2.33045972517124,2575.73983333333,233,203
4.8250184864642,-4.594387198237,2.3433447534411,2575.7732,233,203
4.81830209245997,-4.59237228860086,2.3413650967316,2575.80656666667,233,203
4.78864648235784,-4.55715053681249,2.32564260090473,2575.83993333333,233,203
4.61129814486014,-3.49544310051019,2.40400258108803,2579.24333333333,234,204
4.60280188129757,-3.48102396190877,2.39946084728862,2579.2767,234,204
4.6023925916976,-3.47025162955501,2.39848219075935,2579.31006666667,234,204
4.60279934791535,-3.45679054947788,2.39350409964057,2579.34343333333,234,204
5.0599502069495,-1.84624234924901,2.24905968654671,2582.71346666667,235,205
5.04388955029203,-1.83185272262632,2.23935484299766,2582.74683333333,235,205
5.06518253849687,-1.83084017632673,2.24108362819284,2582.7802,235,205
5.06268456712298,-1.81929435161861,2.23404366817224,2582.81356666667,235,205
0.971808478227122,-3.71263580731565,2.31234648528359,2585.14923333333,236,206
0.975583451991949,-3.74618760938564,2.32917077718819,2585.1826,236,206
0.973753887060544,-3.72302426513286,2.32116607103926,2585.21596666667,236,206
5.65478155688274,-0.490496660372529,1.43439473160342,2586.21696666667,237,207
5.65701652281792,-0.486895734922388,1.42942987103188,2586.25033333333,237,207
5.66607035923047,-0.48706218887652,1.42459117956278,2586.2837,237,207
5.72977161578048,0.423123130923905,1.22747721525172,2589.85393333333,238,208
5.71837069476537,0.426469568415692,1.22367651228745,2589.8873,238,208
5.73722727686372,0.431668569946693,1.22180568742041,2589.92066666667,238,208
5.72249761165879,0.435364072320541,1.2157633333425,2589.95403333333,238,208
0.0206061103647446,-5.49515258833008,2.43691119704765,2594.4919,239,209
0.00371633168645003,-5.55051451186946,2.45423022334456,2594.52526666667,239,209
5.78054529263476,2.19647201162414,1.67036329072677,2596.86093333333,240,210
5.76893492135578,2.19449363031181,1.66850883296286,2596.8943,240,210
5.76238043470054,2.19590334580461,1.66672484208646,2596.92766666667,240,210
5.74917830112587,2.19271090707125,1.66601879555844,2596.96103333333,240,210
3.63981761089153,1.93188238111018,1.8245098657894,2600.23096666667,241,211
3.62712314671817,1.9310547487488,1.82785756825966,2600.26433333333,241,211
3.6181698320735,1.93184629352028,1.83183810140939,2600.2977,241,211
3.58687767777839,1.92092373780831,1.82505269975921,2600.33106666667,241,211
1.71146215407098,0.778576059622795,1.71633202071758,2603.36743333333,242,212
1.70166989372807,0.773974984760944,1.72008203388129,2603.4008,242,212
1.68694848737234,0.769353565642538,1.71862224256632,2603.43416666667,242,212
1.67140151635951,0.764192341809182,1.71582246599218,2603.46753333333,242,212
1.65574266222511,0.758972395015548,1.71339576854129,2603.5009,242,212
-0.0688131060724873,0.688291729678565,1.59700874982972,2606.4038,243,213
-0.0760745173265854,0.687768580170954,1.59447287628522,2606.43716666667,243,213
-0.0827232009365212,0.686947306401481,1.59296294605984,2606.47053333333,243,213
-0.0906437247342079,0.686386998184213,1.5922886001084,2606.5039,243,213
-0.0963830864479127,0.684837897432261,1.58897497565559,2606.53726666667,243,213
-0.105504681438398,0.684572434470431,1.588511956211,2606.57063333333,243,213
-1.80530317153621,0.388253818110646,1.66966604656194,2609.7071,244,214
-1.81455573023551,0.384999770465334,1.66720868586912,2609.74046666667,244,214
-3.05119240960874,0.698445697166373,1.92956107959256,2612.97703333333,245,215
-3.07272432680369,0.703052089826984,1.9355236302196,2613.0104,245,215
-4.17409074410036,0.419673659090109,2.33707319010158,2616.38043333333,246,216
-4.18409961719963,0.410002609786832,2.33723008066905,2616.4138,246,216
-4.19352878781666,0.398547612565128,2.33722060564532,2616.44716666667,246,216
0.548982676159098,-0.278895037865066,0.481775579257809,2655.18586666667,247,217
0.70839581296788,-0.232152366702035,0.787374991643727,2664.39506666667,248,218
-3.31759279674168,-9.08979669771523,3.15226786810826,2681.1785,249,219
0.560685611009525,-0.273087795346148,0.572815400326033,2685.0824,250,220
-0.221793191332607,-6.07882782741101,2.33061040388236,2691.1885,251,221
-0.210394846930793,-6.05841423591756,2.32453470873974,2691.22186666667,251,221
2.1659757059135,-5.32344332596477,2.3072326392433,2697.8952,252,222
3.37898807442756,-5.20421292426534,2.60772716485654,2701.0984,253,223
3.40670471506025,-5.22838819513681,2.61552097952353,2701.13176666667,253,223
3.45470045703961,-5.0793249679128,2.57287982900118,2701.3987,254,223
3.45769691210237,-5.0729327675808,2.56930963138945,2701.43206666667,254,223
4.33504411139095,-3.80853486508085,2.41642461358286,2704.23486666667,255,224
4.35251760622884,-3.81190004427464,2.41788413568303,2704.26823333333,255,224
4.32861882703046,-3.77139162330834,2.39957515303922,2704.3016,255,224
4.34591550422275,-3.68825365741716,2.33534490022216,2704.53516666667,256,224
4.39841716854108,-3.72710979054352,2.35465820647887,2704.56853333333,256,224
4.40093206873608,-3.71795675041004,2.34898672063362,2704.6019,256,224
5.10463304423231,-2.32915778793706,2.01691340520773,2707.705,257,225
5.18490126034192,-2.29435905483918,1.9781314274052,2707.93856666667,258,225
5.1695364027917,-2.28175718798185,1.96813135353234,2707.97193333333,258,225
5.17561482155005,-2.27736311658294,1.96109745760864,2708.0053,258,225
0.557951656703845,-0.271507964649659,0.576403374673043,2708.37233333333,259,226
0.612545690320536,-0.182999656992738,0.768423585924516,2709.03966666667,260,226
6.2182568134998,-0.978004323200496,1.53619690479059,2711.04166666667,261,227
6.21571080673982,-0.964831792866138,1.52970840593596,2711.07503333333,261,227
6.2803162998714,-0.868143491221799,1.46689302943519,2711.37533333333,262,227
6.57128583517104,0.387033843015307,1.56944506694437,2714.5118,263,228
6.56351579646238,0.390451436883399,1.56371015071792,2714.54516666667,263,228
6.54823977719798,0.3959374384226,1.55823567261411,2714.57853333333,263,228
6.58339676034415,0.45855606680768,1.54681872340444,2714.87883333333,264,228
6.78204910324834,1.42852091430867,1.5806120435676,2717.8151,265,229
6.02727327621224,2.1649055635546,1.74915920955525,2721.35196666667,266,230
5.98865090279407,2.14336208723507,1.74058253847447,2721.38533333333,266,230
5.85765511202796,2.05219411573451,1.70633064468464,2721.65226666667,267,230
5.80993103228039,2.03228475334083,1.69396661337536,2721.68563333333,267,230
3.57394881556601,1.05938775393835,1.51618906180589,2724.4217,268,231
3.56070192448019,1.05950119628981,1.51552527623481,2724.45506666667,268,231
3.54398269893066,1.05797935757656,1.51113574494112,2724.48843333333,268,231
3.53391808825043,1.05910418060302,1.50969767736724,2724.5218,268,231
3.4456278449416,1.055131116235,1.48711370716203,2724.75536666667,269,231
3.4386899105517,1.05508956388135,1.48390825477884,2724.78873333333,269,231
3.4277778957652,1.05524502531485,1.48049160734445,2724.8221,269,231
2.00227400460172,0.995820687446299,1.48638412345838,2727.8251,270,232
1.99241680454277,0.998195390570084,1.48792346793521,2727.85846666667,270,232
1.98355213651237,1.00098741263275,1.4892967449733,2727.89183333333,270,232
1.97252224030004,1.00272612308664,1.48806937067221,2727.9252,270,232
1.96147797507885,1.00378438678864,1.48693478854885,2727.95856666667,270,232
1.90422862842559,1.013397193276,1.48404130575693,2728.15876666667,271,232
1.90042826737501,1.01398333776087,1.48451024972217,2728.19213333333,271,232
1.8961403902838,1.01411151901995,1.4851982008708,2728.2255,271,232
1.89002043040071,1.01449313004308,1.4832276966933,2728.25886666667,271,232
0.155315207810474,1.17861297452292,1.64086137782783,2731.0283,272,233
0.142022644020483,1.17945034188359,1.64093738063851,2731.06166666667,272,233
0.12765626407611,1.1787128463116,1.63914197222947,2731.09503333333,272,233
0.114132477832555,1.18064826272944,1.6399590371714,2731.1284,272,233
0.0236631117997077,1.18425977060722,1.63162402659084,2731.3286,273,233
0.0164202950801499,1.18443741056626,1.63004465882655,2731.36196666667,273,233
0.00315381481335919,1.18658998736692,1.63145334056736,2731.39533333333,273,233
-0.0097456038257957,1.18869671613671,1.63261897881133,2731.4287,273,233
-1.51063646575347,1.88969155158805,1.70394789212882,2734.2315,274,234
-1.511114825604,1.89001602701661,1.70392778392611,2734.26486666667,274,234
-3.62775157343484,3.59802571211001,2.39608342063651,2741.00493333333,275,235
-5.06577299330364,0.273449637027049,2.76176567921709,2747.37796666667,276,236
-5.07030588379098,0.259603245187788,2.76135222801387,2747.41133333333,276,236
-5.06411255695298,0.242699600578239,2.75113580101601,2747.4447,276,236
0.548654818965034,-0.287838245094769,0.481772331823329,2769.9672,277,237
0.574177448426065,0.590818333367049,0.670065404517569,2784.64853333333,278,238
0.557951656703845,-0.271507964649659,0.576403374673043,2813.77763333333,279,239
0.494554525788094,0.541661089393389,0.518841943499664,2838.5357,280,240
0.557935136166703,-0.271613740943856,0.576723659718202,2852.71653333333,281,241
-1.42916794222671,-7.01225814097779,2.5497338659551,2887.11756666667,282,242
-0.36117492478986,-6.06553027154017,2.18850509164156,2890.5877,283,243
-0.37874261102895,-6.18776126662308,2.2178872403512,2890.62106666667,283,243
-0.358258169442261,-6.06328970476978,2.18140863055816,2890.65443333333,283,243
0.625037502306656,0.0560468836232475,1.25659609798852,2901.86563333333,284,244
1.01426828621342,-0.201441475936332,0.413991943108008,2904.3014,285,245
0.794516057767704,-0.210809608336293,0.945170302428638,2922.98673333333,286,246
0.492689364145936,0.56461593438848,0.588017165263873,2925.4225,287,247
0.723044976934239,-0.377166733024013,-0.147978278434555,2944.2413,288,248
0.688486347236264,0.706780252091736,1.14132947276954,2960.72443333333,289,249
0.312510244471269,0.766844825641565,1.39471509368885,2967.8649,290,250
0.611567583628249,0.181130784739043,0.395559226577221,2979.34303333333,291,251
-5.41863628072244,3.52815182603905,3.43730325281531,2984.24793333333,292,252
-5.38904680175004,3.49483599038074,3.41410988639061,2984.2813,292,252
-5.55550949160167,2.57494787323252,2.93315027921838,2988.05173333333,293,253
-5.64901264180317,1.68332617757499,3.33019535600349,2991.3884,294,254
-5.67000063527159,1.68155817149159,3.34223801958485,2991.42176666667,294,254
-1.11846554635352,0.113198417937059,1.3839608694557,2998.16183333333,295,255
-1.4743555461101,-0.248344922326636,2.38322465233406,3001.4985,296,256
-1.45582311112435,-0.254480814716291,2.37905096079192,3001.53186666667,296,256
-1.44327940632506,-0.26294513770607,2.37798806605195,3001.56523333333,296,256
-1.4357455244233,-0.272094859287016,2.38292238659501,3001.5986,296,256
0.391977251717712,-1.53442359244921,1.72149026796564,3004.7017,297,257
0.400990282794934,-1.51768375390013,1.70550083647721,3004.73506666667,297,257
0.410101200383731,-1.50148177687576,1.69043966225205,3004.76843333333,297,257
0.419459801523722,-1.48512384609933,1.67401075643241,3004.8018,297,257
0.700182982446654,-2.25145306680455,1.51423325230645,3008.07173333333,298,258
0.699073530806128,-2.21878492607378,1.50022092215028,3008.1051,298,258
0.0675551773189671,-2.38175258032536,1.52227034484454,3011.74206666667,299,259
-5.39250963152627,5.56339189238375,4.32262477560248,3033.96426666667,300,260
-4.24333427759558,3.81755567106891,4.21931238354038,3036.36666666667,301,261
0.324133575087899,0.555403454178167,1.58381634299907,3036.80043333333,302,262
-2.55751680145597,1.71648156355874,4.25546362688073,3038.8358,303,263
-2.56892423730856,1.69828390056039,4.29705065436823,3038.86916666667,303,263
-0.385153766892041,-1.42059087105192,2.88453249747231,3041.40503333333,304,264
-0.357961631710057,-1.4439398094405,2.87687929298966,3041.4384,304,264
0.483686843527283,-0.0793020671830772,1.25361125151492,3041.67196666667,305,265
1.6056894425718,-1.83592671156632,1.78485011418814,3043.80743333333,306,266
1.62983493971113,-1.86126469477556,1.7915836666866,3043.8408,306,266
1.99831613746838,-4.60201111250584,3.05781041855848,3051.71533333333,307,267
0.557951656703845,-0.271507964649659,0.576403374673043,3094.22446666667,308,268
1.81379397683937,-4.21510179360073,2.87600085894589,3121.08463333333,309,269
0.664502999649391,0.436954542045485,1.00672097790597,3147.11063333333,310,270
0.502598460263722,-0.241064364701102,0.712492924061325,3169.13263333333,311,271
0.520986407227937,-0.309299416203792,0.833045728392785,3179.7766,312,272
0.513449989097546,-0.237264771885111,0.794103614965912,3186.7836,313,273
0.568679032259429,0.591487895462723,0.662863763997722,3256.41983333333,314,274
-6.37850869156853,0.679661950899381,3.85490389590616,3265.22863333333,315,275
-5.84543835617176,-0.640694558474624,4.1249239412971,3267.69776666667,316,276
11.3238957416269,3.3567103065629,2.77204544443512,3269.93333333333,317,277
9.55890944853156,1.83478566281668,2.84397271296573,3273.5703,318,278
0.557935136166703,-0.271613740943856,0.576723659718202,3273.60366666667,319,279
7.57248482158534,-1.14089381787009,2.55058123012941,3276.74013333333,320,280
7.51057398250486,-1.15122510323617,2.53829732794659,3276.7735,320,280
4.40324426655867,-1.76220041026287,1.62051098628297,3280.14353333333,321,281
4.41717036449789,-1.77179019029791,1.62174570344379,3280.1769,321,281
2.87817044119203,-2.43213074785213,2.12971568489355,3283.4802,322,282
2.86153959230049,-2.42367128040136,2.12463252403797,3283.51356666667,322,282
2.85155143334389,-2.42037713515029,2.12214031630015,3283.54693333333,322,282
0.570331896602793,-4.5869686522252,2.320190444775,3290.05343333333,323,283
-0.307920055391951,-6.1350948110498,2.43048501562209,3293.22326666667,324,284
-0.318648926597932,-6.20076348372363,2.44225647525599,3293.25663333333,324,284
0.656965453271807,0.435314372840612,1.1033622978582,3331.8285,325,285
-0.642840309434943,-1.34344678557213,-2.30155943253452,3332.0287,326,286
0.494325585394924,0.541742703790915,0.519261608741318,3351.348,327,287
0.541871046445903,-0.296856327303141,0.476618631587729,3362.92623333333,328,288
0.72034239446952,0.651647729032368,0.890994837644892,3384.64793333333,329,289
0.594274829303571,0.561336152422698,0.969541440351676,3394.85813333333,330,290
0.568818767792002,-0.296979984183011,0.79383210314014,3420.45036666667,331,291
0.98142565645298,0.259937437206602,1.07274174097748,3421.7183,332,292
