-3.87760436155497,2.78398952903518,1.92664830428115,1028.96126666667,1,1
-3.87544749779662,2.78607493133288,1.92780634075761,1028.99463333333,1,1
-3.87210818067791,2.78832391814272,1.92713848731032,1029.028,1,1
-3.88252313332664,2.79391915488938,1.92987928225634,1029.06136666667,1,1
-3.88603587775773,2.8002711527808,1.93173380271904,1029.09473333333,1,1
2.06186202271918,-5.75381923357759,2.07529275069056,1037.1361,2,2
2.04587665987862,-5.69160857187391,2.06247060108307,1037.16946666667,2,2
1.97241106548389,-5.43246849688873,2.00849352192719,1037.20283333333,2,2
-4.33439861411027,2.48217430305861,2.87527990198769,1041.57386666667,3,3
-4.32495225994632,2.48137092258281,2.87642067154898,1041.60723333333,3,3
-4.32650511979355,2.48389978221403,2.88294163458766,1041.6406,3,3
-4.32393890566115,2.48701820790831,2.88770909093385,1041.67396666667,3,3
-4.32349385879373,2.49396450308212,2.89388168596459,1041.70733333333,3,3
-4.30511869674483,2.49432796772041,2.88664224375699,1041.7407,3,3
0.1603328145898,-1.15137439594867,1.45722947055563,1044.47676666667,4,4
0.151796262868532,-1.14530370869931,1.45925898971488,1044.51013333333,4,4
0.144830749879591,-1.12680761270378,1.45642755737367,1044.5435,4,4
0.139445653608098,-1.102041796627,1.45063935150633,1044.57686666667,4,4
0.133109343652549,-1.08251926991078,1.44652176684275,1044.61023333333,4,4
0.125712388699755,-1.06434434215797,1.44367425072891,1044.6436,4,4
0.11915777316331,-1.04491638506065,1.44016758401529,1044.67696666667,4,4
0.982428927457458,3.28221541271482,1.281474377619,1052.18446666667,5,5
0.984519755089613,3.29827769325919,1.28295701593546,1052.21783333333,5,5
0.98376776557004,3.30535772095164,1.28138720999233,1052.2512,5,5
0.979271113444307,3.30417425839939,1.27857814405171,1052.28456666667,5,5
0.979119978485548,3.31545109736044,1.27896274990024,1052.31793333333,5,5
0.105000955623048,5.17444969121152,2.49980211731156,1061.22683333333,6,6
6.15228834036529,5.81665225766589,1.93683460219932,1087.3863,7,7
6.15466670474084,5.81299330688035,1.93035430820594,1087.41966666667,7,7
2.13473063267845,9.75165829542718,-0.257319412353609,1111.11,8,8
2.17879669065435,9.95542159402036,-0.275981259934547,1111.14336666667,8,8
2.19543381332037,10.0341739664036,-0.287103271691143,1111.17673333333,8,8
0.0499935256049547,1.72343730964684,3.9482181225588,1111.64386666667,9,9
7.55039111535716,2.2854771286757,0.899273359942076,1230.1289,10,10
7.55204029141028,2.28708849270254,0.900962941894375,1230.16226666667,10,10
7.58639279579159,2.29090337881779,0.90785147148608,1230.19563333333,10,10
6.79517284025651,1.48269903040205,0.613678309473506,1235.96806666667,11,11
6.80343890839419,1.48389917052786,0.614722931976572,1236.00143333333,11,11
6.80343890839419,1.48389917052786,0.614722931976572,1236.0348,11,11
5.80584862429473,2.15126199048,1.28193968269364,1243.70913333333,12,12
5.8040249264198,2.15188284570934,1.28042155889885,1243.7425,12,12
5.80656833484267,2.15472333345075,1.28079330391453,1243.77586666667,12,12
5.7994287557243,2.15396218146885,1.28056308437394,1243.80923333333,12,12
5.67188193178308,2.08880283317085,1.34357376188777,1245.37746666667,13,13
5.66250792627609,2.08802627874701,1.34490654218481,1245.41083333333,13,13
5.66106645118252,2.08840251045164,1.34744536931251,1245.4442,13,13
5.67771836112856,2.09142659972435,1.35266292586107,1245.47756666667,13,13
4.55824659044742,2.73061201773507,0.951190239965205,1252.1509,14,14
4.54817179039297,2.73339051138952,0.944008873725329,1252.18426666667,14,14
4.54967920379816,2.74252295048621,0.940125797401561,1252.21763333333,14,14
4.55171189293401,2.75001172954643,0.93604097510961,1252.251,14,14
4.37628919811126,3.17410306248072,0.793418680365803,1253.88596666667,15,15
4.37098246927123,3.17803120578325,0.792661943051645,1253.91933333333,15,15
1.7082006473818,8.03417328926686,-0.0578887614372888,1267.09916666667,16,16
1.73371390301315,8.16500785144769,-0.0710661396517643,1267.13253333333,16,16
-1.85611926185529,6.98544363235524,1.70956521354879,1270.00206666667,17,17
-1.80687095993812,6.85643003449767,1.68690893660218,1270.03543333333,17,17
-1.84585144606831,6.95377758575983,1.71118077274492,1270.0688,17,17
-1.87247197862165,6.7235923909747,1.77628705541204,1271.80386666667,18,18
-1.86816175306749,6.71314555401635,1.77532150562891,1271.83723333333,18,18
-1.87605833660792,6.73421841811508,1.78199707972899,1271.8706,18,18
-1.85401618848998,6.67815546342249,1.7717469185066,1271.90396666667,18,18
-0.635239775758435,2.95176504919505,1.43718339993034,1279.71176666667,19,19
-0.632410837941034,2.9477775558888,1.43719563700634,1279.74513333333,19,19
-0.627980674207886,2.94194982386809,1.43740066598584,1279.7785,19,19
-0.626503487432287,2.93908335886476,1.43929987386366,1279.81186666667,19,19
-0.624463373196644,2.93353801453502,1.43915818960997,1279.84523333333,19,19
-0.622893773804017,2.93036486889009,1.44074351855673,1279.8786,19,19
-0.61981329297996,2.92340644372249,1.43958032119423,1279.91196666667,19,19
12.2336966246369,-1.77358127486622,2.2151639514148,1290.5893,20,20
12.1085120852575,-1.73823789884092,2.19767702127861,1290.62266666667,20,20
8.9861981058835,2.17554005185631,1.20566212953668,1335.86786666667,21,21
9.06143878338506,2.18076934935836,1.20842766977622,1335.90123333333,21,21
9.04649221102172,2.17974016503888,1.2084912980673,1335.9346,21,21
8.91583246145067,2.18346109546176,1.28445034225498,1337.5362,22,22
8.88631223150341,2.18911245202041,1.29095857128862,1337.56956666667,22,22
8.9012689347777,2.19759755279661,1.29832842443362,1337.60293333333,22,22
6.87402710188536,3.10881962879345,1.71075098178463,1345.27726666667,23,23
6.80467177622593,3.09243567873438,1.69802690607845,1345.31063333333,23,23
6.58029166655965,3.23899462560712,1.63179687326125,1346.8455,24,24
6.56807059801256,3.23945054708972,1.62487802462959,1346.87886666667,24,24
6.57913515406388,3.2468244500273,1.62636104938452,1346.91223333333,24,24
6.60583895640714,3.26204408195523,1.626508198898,1346.9456,24,24
8.39248158527433,12.4705950669017,1.49041185725035,1347.2459,25,25
8.41943453063274,12.5122568901754,1.49773159738441,1347.27926666667,25,25
8.21406672306677,12.2611184875806,1.5654796458725,1348.91423333333,26,26
8.14095847756285,12.1497041453434,1.55970086781613,1348.9476,26,26
8.18067786293741,12.2099596552839,1.56490039731732,1348.98096666667,26,26
-14.1048544891269,3.03689398626402,3.33633190151112,1349.91523333333,27,27
-14.2897463336702,3.06755662855154,3.37089223953464,1349.9486,27,27
5.21379004222307,3.58354664330368,0.592170001798287,1353.41873333333,28,28
5.20767652481759,3.58100261937036,0.589637025034926,1353.4521,28,28
5.19900924069894,3.57468102689986,0.587117839006718,1353.48546666667,28,28
5.23177658393281,3.38130158490983,0.601467218427672,1355.12043333333,29,29
5.22834061109572,3.37822099846315,0.602931463941896,1355.1538,29,29
5.21368527061369,3.36929290251413,0.603635720283292,1355.18716666667,29,29
5.56665315515718,8.51415265283415,1.6498110951163,1356.72203333333,30,30
5.55530294225575,8.50394324725632,1.64907074684462,1356.7554,30,30
5.54556052939631,8.49070373291843,1.64602426339449,1356.78876666667,30,30
4.7666796572691,2.08699067906731,1.07528713157988,1361.82713333333,31,31
4.77467164011006,2.08704324120091,1.07694657127357,1361.8605,31,31
4.77174636008898,2.0829933214834,1.07554959844285,1361.89386666667,31,31
-9.70864509585383,3.87582989455899,2.38218782471757,1362.42773333333,32,32
4.71209723898513,1.8915984020887,0.947403794139733,1363.49546666667,33,33
4.70304013851904,1.88872242634894,0.944200316976228,1363.52883333333,33,33
4.7098705800648,1.88534854201926,0.939981880609782,1363.5622,33,33
4.69853985253214,1.87896996203402,0.93346266181411,1363.59556666667,33,33
7.88435621116071,13.7582437253554,4.04849720429312,1369.03433333333,34,34
7.78635595797413,13.6025584721669,4.0108879757586,1369.0677,34,34
7.76734465728596,13.5941086678668,4.01645941844718,1369.10106666667,34,34
-8.38885351854827,3.08994587721513,3.77693934570149,1369.80176666667,35,35
-8.40107494294012,3.0927630415697,3.78737010015307,1369.83513333333,35,35
-8.46805151711024,3.10468881096436,3.81685637868117,1369.8685,35,35
-8.46220910562606,3.10405026247216,3.82573071609182,1369.90186666667,35,35
4.12394319712334,-0.151089086567076,1.01233320704108,1370.0687,36,36
4.14188210489495,-0.161962358983078,1.01473087023964,1370.10206666667,36,36
6.34574849396704,3.69914376700877,1.67504137991215,1370.90286666667,37,37
6.37138653750591,3.69981813990277,1.6823323476001,1370.93623333333,37,37
6.37413832960978,3.6965600650416,1.68232981017549,1370.9696,37,37
-8.34605446227397,3.21238665463158,4.01290746446141,1371.43673333333,38,38
-8.34907742575956,3.2150625044516,4.02072566669066,1371.4701,38,38
-8.3117636868886,3.20460126342356,4.00970519912547,1371.50346666667,38,38
-8.31659467344944,3.20956842985398,4.01671679756343,1371.53683333333,38,38
6.4403687234053,3.43980682184472,1.57665507993281,1372.60456666667,39,39
6.45836325791697,3.4446067189747,1.58581395598038,1372.63793333333,39,39
6.43181569353004,3.4284103721682,1.58294067019425,1372.6713,39,39
6.46007403508233,3.43033003118139,1.58966626273291,1372.70466666667,39,39
5.83027993195537,0.898485883118578,1.97879493720599,1378.6773,40,40
5.84742629869308,0.895380733950133,1.98399982782529,1378.71066666667,40,40
5.84017899736508,0.891796327729787,1.98271992731671,1378.74403333333,40,40
5.65264581970145,0.70279899482582,1.76582777791304,1380.379,41,41
5.64058841545738,0.692524220511491,1.76527924650861,1380.41236666667,41,41
5.63927980832333,0.687279967722038,1.76743028176491,1380.44573333333,41,41
5.64686772493634,0.678404007381865,1.77181997213693,1380.4791,41,41
-5.66319845169689,5.54626770904172,3.50893280448091,1380.71266666667,42,42
-5.6460929450603,5.53777361484353,3.50637482424831,1380.74603333333,42,42
-5.6506780704821,5.54195835432959,3.50950104996604,1380.7794,42,42
-0.120428262866151,9.33678245877581,5.1279863080137,1383.61556666667,43,43
-0.140433865709175,9.34856683585518,5.14053440939894,1383.64893333333,43,43
-0.150291769141727,9.32075245231642,5.12883802415647,1383.6823,43,43
-0.712534501952154,8.92641493869118,4.98191497311637,1385.2839,44,44
-0.715363899519751,8.89451958528445,4.96486547410902,1385.31726666667,44,44
-0.711343951519151,8.78928313458311,4.90394316322449,1385.35063333333,44,44
4.65084375952099,-1.29594904442421,1.96451564128418,1385.65093333333,45,45
4.61736122087709,-1.2846327009035,1.95319250761366,1385.6843,45,45
4.63074016716473,-1.29471290770018,1.95704850573615,1385.71766666667,45,45
4.33989235041636,-1.36446227436805,1.87497512142269,1387.386,46,46
4.31911028209529,-1.35874731114078,1.87747338207169,1387.41936666667,46,46
-4.62443981238496,4.5019015988452,3.13499106029971,1388.15343333333,47,47
-4.66986671688942,4.53523900628334,3.15592620874946,1388.1868,47,47
-4.64725849198623,4.5275174748742,3.1378982980209,1388.22016666667,47,47
-4.54990492784683,4.56220411693301,3.07647102600039,1389.82176666667,48,48
-4.56998614436759,4.57672137515331,3.08925280072506,1389.85513333333,48,48
-4.62018862634887,9.15815977089179,5.29865570695442,1390.8895,49,49
-3.1536441718159,8.18606457235273,4.41504374773658,1403.0016,50,50
-3.18337986659202,8.24391088087028,4.44890187383286,1403.03496666667,50,50
-3.18116383913441,8.24609695791919,4.44570841836606,1403.06833333333,50,50
-3.13726433067956,8.18217691773394,4.40974404656458,1403.1017,50,50
-0.919414809656354,0.0986264034477836,18.5254698550418,1417.416,51,51
-0.935914604905508,0.0947013769232636,18.7523302637393,1417.44936666667,51,51
-0.945604737194138,0.114381044487209,18.6677270252912,1417.48273333333,51,51
-1.32379856635412,0.812737813559024,18.8640078650621,1419.08433333333,52,52
-1.33130160766666,0.824007666464817,18.8936086966638,1419.1177,52,52
-18.0186844120807,5.65514865019528,3.56577791946606,1430.6292,53,53
11.3413996947626,2.87405943762458,0.440980654123924,1439.97186666667,54,54
11.4665068357075,2.89803933982783,0.438149381443909,1440.00523333333,54,54
11.5002894253473,2.90210369042005,0.43852482915372,1440.0386,54,54
8.69477895331972,-4.02152369466634,3.08514426846093,1475.474,55,55
8.67043653000458,-4.01459698515007,3.08817150460969,1475.50736666667,55,55
8.65580926973315,-4.00804612813198,3.09070986293844,1475.54073333333,55,55
8.63406700468168,-4.00414615528177,3.08883100206129,1475.5741,55,55
8.06727495205358,-3.94799158576627,3.2240398275145,1477.1757,56,56
8.06421593689106,-3.95067310019194,3.23069811880071,1477.20906666667,56,56
8.04465699060523,-3.94665671939418,3.23112918796826,1477.24243333333,56,56
8.00093960342639,-3.92544980622813,3.2201638292301,1477.2758,56,56
8.00795605675421,-3.93812462445586,3.23634759687676,1477.30916666667,56,56
4.94325109988561,-3.05292476788693,2.7079217310471,1482.61446666667,57,57
4.90272091561341,-3.01170805304969,2.68806299158183,1482.64783333333,57,57
4.90150366598827,-3.01059588403067,2.68727590776147,1482.6812,57,57
4.90748212268165,-3.01562534713793,2.69169371183567,1482.71456666667,57,57
4.88796026714105,-2.99856518954111,2.68314942869657,1482.74793333333,57,57
4.35983899542001,-2.96055809913719,2.70213804595568,1484.31616666667,58,58
4.33332715246621,-2.94224114766289,2.69643204254122,1484.34953333333,58,58
4.33401072940829,-2.95564739229079,2.70804121396967,1484.3829,58,58
4.3229495683782,-2.95654853932724,2.71351013383525,1484.41626666667,58,58
4.30089320414159,-2.94367002869842,2.71335486892638,1484.44963333333,58,58
4.2644338678325,-2.91746154195947,2.7019368792706,1484.483,58,58
2.40476200903839,-3.31192631181531,2.41822716886844,1489.22106666667,59,59
2.41194559977472,-3.33325716121134,2.42777618041097,1489.25443333333,59,59
2.39789746791215,-3.30545535285848,2.41302890039806,1489.2878,59,59
1.94139016599673,8.6455513282147,0.153991120541709,1505.3038,60,60
1.8902964471791,8.41657193833125,0.168925076814445,1505.33716666667,60,60
1.90454776983528,8.47703266133809,0.165921801209164,1505.37053333333,60,60
1.90751363209673,8.49621972120955,0.16803531060211,1505.4039,60,60
1.86385555265104,8.38717495926679,0.187051594755152,1506.9054,61,61
1.87417430078447,8.43717700507673,0.185110723080114,1506.93876666667,61,61
1.88289607808108,8.48896773767581,0.183695250762247,1506.97213333333,61,61
1.8547757884746,8.34147390808215,0.195399205792107,1507.0055,61,61
1.86580073826059,8.79578884761693,0.308813578559571,1512.64446666667,62,62
1.92005894293316,9.07548717486449,0.298222866218343,1512.67783333333,62,62
1.90941217845033,9.02793684412907,0.299385348797435,1512.7112,62,62
1.9188884270398,9.0738968217678,0.296457317541427,1512.74456666667,62,62
1.72895299360588,8.08611733762975,0.630355859593683,1517.08223333333,63,63
1.74527621568654,8.17945198840012,0.633759128773015,1517.1156,63,63
1.72560744565725,8.07403226751484,0.639654057903066,1517.14896666667,63,63
1.72741940067478,8.0830832780918,0.642532442211522,1517.18233333333,63,63
1.68716650755698,7.98385409007072,0.694705718287581,1518.78393333333,64,64
1.69016343254041,8.00735660232226,0.697612182760082,1518.8173,64,64
1.69042187287774,8.01450557148365,0.702510541236386,1518.85066666667,64,64
1.66108223313496,7.86175896301333,0.704804356296592,1518.88403333333,64,64
-5.84299011964134,-13.1828291204005,9.23963674143707,1522.78793333333,65,65
-5.83426713790071,-13.1629836438791,9.23550973408121,1522.8213,65,65
-5.74159747751923,-12.9634106312248,9.121897321096,1522.85466666667,65,65
1.65931044345611,7.03510456371297,1.27128962157338,1523.8223,66,66
1.66482537825934,7.05099472093136,1.27561857023136,1523.85566666667,66,66
1.66251133863722,7.0241482056906,1.2738656885736,1523.88903333333,66,66
1.66824687440009,7.04713206021593,1.28105876007653,1523.9224,66,66
1.62167740079545,6.84280443261502,1.25992284854244,1523.95576666667,66,66
1.76942224627672,7.01860739396072,1.23331931369079,1525.49063333333,67,67
1.77471430080822,7.0357413635166,1.23671116940797,1525.524,67,67
1.76866244119692,7.00716745722433,1.23907094557537,1525.55736666667,67,67
1.77688714317913,7.0203449506024,1.24473960042638,1525.59073333333,67,67
1.77899325548919,7.01993204375027,1.25369678240152,1525.6241,67,67
-4.55581530396838,-13.8474321567802,2.77966886472267,1529.99513333333,68,68
-4.52595618779549,-13.7395260324287,2.76350604822538,1530.0285,68,68
-4.9651302905141,-9.78964824923519,2.6220568523504,1534.69983333333,69,69
3.17484060737761,5.39655184350446,2.76702164290373,1540.60573333333,70,70
3.16363068682373,5.37478477836673,2.76118403464224,1540.6391,70,70
3.16931823887002,5.37628954518147,2.76574848909231,1540.67246666667,70,70
3.16221391774441,5.36268092245984,2.76588463643673,1540.70583333333,70,70
3.16187687198234,5.35222538251637,2.76756466312388,1540.7392,70,70
3.16841989189927,5.35686750580591,2.77574215789257,1540.77256666667,70,70
3.15309676710179,5.32699010985669,2.76562227942646,1540.80593333333,70,70
-3.5486582289479,-0.785601974389354,2.03236749094177,1547.47926666667,71,71
-3.54262460998153,-0.77048349469896,2.02807273002298,1547.51263333333,71,71
-3.54081493832594,-0.757317132815015,2.02461101657159,1547.546,71,71
-3.54130131000717,-0.742592999901263,2.0222258138914,1547.57936666667,71,71
-3.53486764349367,-0.72526938387433,2.0182126712804,1547.61273333333,71,71
-3.5308988881563,-0.711141062343619,2.01453546978881,1547.6461,71,71
-3.53182567893863,-0.701518555007154,2.01244004474324,1547.67946666667,71,71
-3.18398322967095,-0.149413974822729,1.95671304205466,1549.18096666667,72,72
-3.18278003533077,-0.140347200856068,1.96007335405533,1549.21433333333,72,72
-3.17462363906419,-0.128893666445089,1.9602476745608,1549.2477,72,72
-3.17201257805454,-0.119997971205467,1.96376115849764,1549.28106666667,72,72
-3.16208066092386,-0.108619952895103,1.96322935071608,1549.31443333333,72,72
-3.15936385198141,-0.100847879575327,1.9652508997448,1549.3478,72,72
-3.14275612711997,-0.0863409067638247,1.9639195953243,1549.38116666667,72,72
-3.13174750982061,-0.0758133015618632,1.96161153906463,1549.41453333333,72,72
-3.11694443560277,-0.0637215278313944,1.96091693774145,1549.4479,72,72
-0.723830292161742,2.06061379555607,2.5569383927539,1554.71983333333,73,73
-0.712416894269715,2.06674627026772,2.55494579516144,1554.7532,73,73
-0.700603003486863,2.07488938254049,2.55504473120276,1554.78656666667,73,73
-0.688819351066576,2.08349199435235,2.55785288209399,1554.81993333333,73,73
-0.676071850086368,2.09325585754643,2.55765178568482,1554.8533,73,73
-0.666815794188287,2.10464501425386,2.5628753620576,1554.88666666667,73,73
-0.653445531609223,2.1129739884374,2.5630390238219,1554.92003333333,73,73
-0.643971384503993,2.12108081090224,2.56664587179598,1554.9534,73,73
-0.634858903092718,2.12759548352727,2.56907849384304,1554.98676666667,73,73
-0.135303681095975,2.49318375451137,2.64636359712075,1556.4549,74,74
-0.122526029483787,2.5012030799372,2.64803701327754,1556.48826666667,74,74
-0.109035828093039,2.51005801666799,2.651391399763,1556.52163333333,74,74
-0.0957430372715007,2.51760478472341,2.65353832151289,1556.555,74,74
-0.083205215045784,2.52654589423819,2.65680496117579,1556.58836666667,74,74
-0.0710881359245713,2.53397018234211,2.65802856091737,1556.62173333333,74,74
-0.0600394464093784,2.54052390785137,2.66021384092873,1556.6551,74,74
-0.0498189724777536,2.5481193529361,2.66235085536615,1556.68846666667,74,74
-0.0406355147618026,2.55361266297205,2.66036639233787,1556.72183333333,74,74
-0.352617433722646,5.77576425878344,1.92452370772014,1562.62773333333,75,75
-0.354552024436959,5.75554001953665,1.91067423393213,1562.6611,75,75
7.30336920254334,-7.23568882988067,2.73555423324501,1565.8643,76,76
7.23874141265104,-7.13871620277362,2.71305904188208,1565.89766666667,76,76
7.29501570460408,-7.17932186252743,2.72868829303243,1565.93103333333,76,76
10.1574486931179,-1.92464913554384,3.75251147660948,1572.93803333333,77,77
10.2076958225386,-1.91862042402569,3.7641287321614,1572.9714,77,77
9.34006685110469,2.43400937611551,4.2952656065959,1581.84693333333,78,78
9.30293556741458,2.42754245469742,4.29608117433696,1581.8803,78,78
5.43137111815848,-7.10104134191424,2.46360605831953,1642.60763333333,79,79
5.36994671562596,-7.00458863091809,2.4447482372407,1642.641,79,79
5.34942257647635,-6.96787437961639,2.44050854728787,1642.67436666667,79,79
5.37388274528116,-7.00824973701511,2.45633881031776,1642.70773333333,79,79
5.08405095330914,-6.60583020148445,2.32956522007713,1644.3427,80,80
5.08477341911085,-6.61660013573722,2.33239371193864,1644.37606666667,80,80
5.05905844380287,-6.57656002722017,2.32439388757471,1644.40943333333,80,80
0.0630542549726495,11.4918228789881,1.53290351320612,1644.9433,81,81
0.0774905416866036,11.2976460756914,1.51700341812534,1644.97666666667,81,81
0.0556301263404406,12.0122493205151,1.5827884416994,1645.01003333333,82,81
1.89029794911981,-4.39626228974447,2.20046527212867,1649.48116666667,83,82
1.90235033123753,-4.47086953518787,2.22801010986557,1649.51453333333,83,82
1.88455767675382,-4.4584046488916,2.22570576429565,1649.5479,83,82
1.86020292610497,-4.41274534531742,2.21605099213984,1649.58126666667,83,82
1.41477741506372,-4.02336664252191,2.1716075294306,1651.2496,84,83
1.41694345217226,-4.06874598444926,2.18869759471112,1651.28296666667,84,83
1.40046668821803,-4.01639120109322,2.17301139390226,1651.31633333333,84,83
1.40934017061175,-4.0974800178278,2.20005999826897,1651.3497,84,83
-0.117182463081456,6.44143406228744,1.11759511484352,1655.28696666667,85,84
-0.109530519222497,6.36926518871463,1.10823950944536,1655.32033333333,85,84
-0.13612540086836,6.56446580820747,1.11962657020755,1655.3537,85,84
-0.832926183053941,-2.44642779457274,2.0972677468151,1656.18786666667,86,85
-0.843780384697568,-2.45865171232368,2.11221108381705,1656.22123333333,86,85
-0.838146374210085,-2.43390199898091,2.11062436819143,1656.2546,86,85
-0.836392888626026,-2.41477202738421,2.11169754809394,1656.28796666667,86,85
-0.831468822702866,-2.39249207298156,2.11078972504025,1656.32133333333,86,85
-0.800535792889031,-1.56305405383459,2.21043459253747,1657.9563,87,86
-0.800766561810409,-1.55559062448539,2.21623371680961,1657.98966666667,87,86
-0.80336496830034,-1.54739601808762,2.22287124119899,1658.02303333333,87,86
-0.805976622288597,-1.53793858544308,2.22887566768144,1658.0564,87,86
-0.804231433953324,-1.52201897992699,2.2301434746288,1658.08976666667,87,86
-0.801800183815665,-1.5037447983782,2.23018548333762,1658.12313333333,87,86
2.35306301568818,5.91187022427717,12.1534368769863,1661.82683333333,88,87
2.37247709750957,5.9300831485043,12.2262087910322,1661.8602,88,87
2.38742234105806,5.93277420613602,12.2669994965814,1661.89356666667,88,87
2.39942432351926,5.91819736658284,12.2463349954547,1661.92693333333,88,87
-1.19337899961803,1.82319269200185,2.46239190274883,1662.92793333333,89,88
-1.19125174959853,1.83713597013955,2.46442846869503,1662.9613,89,88
-1.18992438108506,1.85394365252029,2.46850029756982,1662.99466666667,89,88
-1.18831453521519,1.86998506609105,2.4735889868723,1663.02803333333,89,88
-1.1870712665866,1.88483205035943,2.47762908418712,1663.0614,89,88
-1.1839381070547,1.89957031497142,2.47940005587297,1663.09476666667,89,88
11.4447246056619,2.87727830696351,0.444477748528864,1676.40806666667,90,89
11.463199433069,2.87937665720497,0.441515382101802,1676.44143333333,90,89
11.4447246056619,2.87727830696351,0.444477748528864,1676.4748,90,89
-4.16542059027355,-0.722971154350852,1.93360865383295,1725.09003333333,91,90
-3.0245956637861,-0.202210558186978,1.48715196027072,1726.09103333333,92,91
-3.00194618374103,-0.193381019589493,1.48228883084066,1726.1244,92,91
-2.95203560498803,-0.173234398796156,1.47017052388829,1726.15776666667,92,91
-2.46057113499194,-0.0422063423414611,1.50013933262932,1726.75836666667,93,91
-2.4321213831669,-0.0341037545544701,1.50474097042949,1726.79173333333,93,91
-2.39756236026103,-0.0248988141607689,1.51026979029729,1726.8251,93,91
-2.36441943982815,-0.0163810166729895,1.51618913791208,1726.85846666667,93,91
-0.153149637419754,1.13978925463456,1.88181890923388,1729.09403333333,94,92
-0.125237177162944,1.15783302944433,1.877320771698,1729.1274,94,92
-0.094672934451557,1.17836962544028,1.87182635044528,1729.16076666667,94,92
-0.0643632683141133,1.19947377470167,1.86504193399076,1729.19413333333,94,92
-0.0398032974431469,1.21862332107556,1.86067061971534,1729.2275,94,92
0.766524618231495,0.922686781137085,1.57284432418685,1730.16176666667,95,92
0.786522769232532,0.896405929245346,1.56596280358231,1730.19513333333,95,92
0.808533001300986,0.867926411978632,1.5606138912808,1730.2285,95,92
0.831000133162515,0.838250542781129,1.55705870447724,1730.26186666667,95,92
0.22429649287669,9.63310995893948,2.19868793891827,1745.21013333333,96,93
0.21226649361201,9.78094233312845,2.2361793848456,1745.2435,96,93
0.209119644019596,9.37551733128607,2.16241629528494,1745.27686666667,97,93
-0.134341136803901,8.69542456067794,2.31445055297849,1746.97856666667,98,94
-0.131967087365512,8.61791184298645,2.2982858116179,1747.01193333333,98,94
-0.139796327956728,8.57678405312217,2.29301199531716,1747.0453,98,94
-0.792532560715755,1.73141692182445,5.68154478868949,1759.59116666667,99,95
-0.800439186305511,1.72715006710773,5.68089544338627,1759.62453333333,99,95
-0.808279311010858,1.72233874453658,5.68064394491589,1759.6579,99,95
-0.822007815421845,1.72013084380768,5.70149696247428,1759.69126666667,99,95
-0.832345835569299,1.71608416669502,5.70738783990093,1759.72463333333,99,95
-1.17447823251784,1.5014132211663,6.01816005008834,1761.32623333333,100,96
-1.18191924667619,1.49886393546362,6.03065260468199,1761.3596,100,96
-1.18478514369805,1.49656166989316,6.02901454995935,1761.39296666667,100,96
-1.1917013823641,1.49432009752847,6.03921005175955,1761.42633333333,100,96
-1.19753853474072,1.49079181226076,6.03387161653205,1761.4597,100,96
-1.20427192614963,1.48700973490584,6.04776076911926,1761.49306666667,100,96
-4.0151677627734,5.60490784225671,9.04853810039714,1773.30486666667,101,97
-4.02874258981381,5.61397038118418,9.07309135044802,1773.33823333333,101,97
-4.01411578684155,5.59929500622981,9.04242107424935,1773.3716,101,97
-4.02853360135613,5.59846355246866,9.0485730556227,1773.40496666667,101,97
-4.45231451161114,5.84887800192848,9.3395249053852,1775.03993333333,102,98
-4.49074960574658,5.88094646114423,9.39298093004085,1775.0733,102,98
-4.49155453034503,5.88077881297242,9.39271942815385,1775.10666666667,102,98
-4.47667871790722,5.85882173428911,9.34865581159141,1775.14003333333,102,98
2.1686727897437,-11.2581685394142,3.5251083505356,1836.20103333333,103,99
2.19260173967555,-11.4279682061766,3.56428750966924,1836.2344,103,99
2.1951276093478,-11.4158667269277,3.56415617481728,1836.26776666667,103,99
2.394785127812,-11.1211724289565,3.60029421551088,1837.9361,104,100
2.45519201415341,-11.5074415438966,3.70062180529772,1837.96946666667,105,100
-9.9269434644552,-0.51525501223746,2.91091851742216,1862.39386666667,106,101
-9.94967908348485,-0.517599737810902,2.91736766971191,1862.42723333333,106,101
-9.9805047003924,-0.520832097815396,2.92483050645462,1862.4606,106,101
0.485942788396902,0.64753572053902,0.737477305494062,1877.70916666667,107,102
10.4702093240026,8.37495498329865,3.25602863789974,1980.41176666667,108,103
10.4858296540153,8.39248730472579,3.25863386051863,1980.44513333333,108,103
5.06563116313923,-7.21037619138947,2.79082607535253,1981.4795,109,104
5.00294416149943,-7.09899224866058,2.763742215482,1981.51286666667,109,104
4.88133853492714,-6.88452233385228,2.71081652756933,1981.54623333333,109,104
3.93999937891206,-4.7723998271971,2.84635471041818,1988.41976666667,110,105
3.94741772560735,-4.76765700912991,2.851321902507,1988.45313333333,110,105
3.95206274244736,-4.76421572812819,2.85459031389405,1988.4865,110,105
4.1387892211871,-4.57989330400634,2.93981266210115,1990.02136666667,111,106
4.08472733492703,-4.4946259950061,2.90986399715312,1990.05473333333,111,106
4.06411212591136,-4.45809817529455,2.89948322544909,1990.0881,111,106
4.07850775964657,-4.46867233626804,2.90981525015517,1990.12146666667,111,106
4.11433318407194,-4.51213131785031,2.93975099502872,1990.15483333333,111,106
-5.56606884141172,-8.73217798251424,4.73868814859023,1990.4885,112,107
-5.55481823515567,-8.70838744111969,4.72379861430047,1990.52186666667,112,107
3.38294693277313,-1.86022662800517,2.45770746033136,1996.02736666667,113,108
3.39209619171914,-1.85969835300164,2.4605774332628,1996.06073333333,113,108
3.39764141182168,-1.85650799377318,2.46023576040607,1996.0941,113,108
3.39672041650753,-1.84706084532933,2.45533694489542,1996.12746666667,113,108
3.46784074545959,-1.63861003064159,2.365537660614,1997.62896666667,114,109
3.44971470370175,-1.62209480443485,2.35544950253178,1997.66233333333,114,109
3.44151093887936,-1.60857862083234,2.35401993218099,1997.6957,114,109
3.45610147953292,-1.61737294489873,2.36618688159873,1997.72906666667,114,109
3.45518673324296,-1.61234717495865,2.37045337709658,1997.76243333333,114,109
5.52120949234968,0.795564964270264,2.34267555809542,2003.3013,115,110
-0.0557670093763755,9.72477762705911,2.76984819547767,2003.93526666667,116,111
-0.0662712913934622,9.81245538916152,2.7946591280149,2003.96863333333,116,111
5.79381414534425,1.23727003896768,2.3466835650939,2004.93626666667,117,112
5.79979112380774,1.24446730446919,2.35174989851498,2004.96963333333,117,112
5.83810925927892,1.25475842311534,2.36849368506017,2005.003,117,112
-0.0971957809016951,10.0034799925349,2.84347558026882,2005.63696666667,118,113
-0.0837924896109981,9.80570955952076,2.79659889632154,2005.67033333333,118,113
-0.75921509024682,9.95161135886846,4.46184010726593,2014.34566666667,119,114
-1.16096384672831,11.5282332949005,7.15984937183494,2023.85516666667,120,115
-1.14303617950755,11.3704318331802,7.06553179070502,2023.88853333333,120,115
-2.14943219838322,13.2474683793697,9.9163406239834,2032.96426666667,121,116
-2.07872015258994,12.957437632099,9.69142796763161,2032.99763333333,122,116
3.27734251419326,3.66653814613416,4.22282651643092,2033.09773333333,123,117
3.2842320604695,3.66659988389483,4.23535531934939,2033.1311,123,117
3.29284477225341,3.66680230313773,4.25094959144335,2033.16446666667,123,117
3.29302838296682,3.65626532189131,4.25207993613376,2033.19783333333,123,117
3.29894490919213,3.64840951552633,4.25830921841295,2033.2312,123,117
3.3125269977594,3.64554617442814,4.27380762318998,2033.26456666667,123,117
3.3123869488752,3.62979808570184,4.27104137811559,2033.29793333333,123,117
3.39908077206757,3.33923385823964,4.45212458512468,2034.7327,124,118
3.39561033586644,3.32946804184137,4.44941317194416,2034.76606666667,124,118
3.39499463944069,3.32124561107524,4.45114350160122,2034.79943333333,124,118
6.9114625905093,-4.51487593941465,2.08052870610971,2037.56886666667,125,119
6.88617061099236,-4.48469701010587,2.08001996520471,2037.60223333333,125,119
6.85769797386385,-4.45349260879817,2.07964841761375,2037.6356,125,119
-2.88020031793001,13.6960488411701,13.6026422202004,2041.17246666667,126,120
-2.82722648969714,13.4875544772143,13.3977031970857,2041.20583333333,126,120
4.83145956485966,3.50144778851626,4.98052866239398,2042.17346666667,127,121
4.83314631680123,3.49865947531515,4.97771484564133,2042.20683333333,127,121
4.81288253275689,3.48423820048567,4.95632568964039,2042.2402,127,121
-4.53007884158501,11.7797059943717,14.1180103784497,2047.6456,128,122
-4.66826146341746,11.2603354212141,13.8934569075967,2049.3473,129,123
-4.69083331350929,11.2940604189882,13.9404409327619,2049.38066666667,129,123
8.64638622305162,2.86213417429602,1.30294218864529,2050.28156666667,130,124
8.41958049691275,2.83994973039649,1.27451293548362,2050.31493333333,130,124
7.11240967708843,5.21029064617555,7.7176856048317,2055.18646666667,131,125
