0.578024735928888,0.240075578260436,1.12591267665902,21.5548666666667,1,1
0.515151868008519,0.281099298982875,1.16215295481341,21.5548666666667,1,1
0.526122587861156,0.311220965851856,1.15102246049081,21.5882333333333,1,1
0.538493364494472,0.342529676063142,1.14179372737539,21.6216,1,1
0.687412598496398,0.466674579480644,0.768709882279028,21.6216,2,1
0.571545641013547,0.347149912485035,1.11581704289825,21.6549666666667,1,1
0.601188145458129,0.372295462482995,1.1199173328129,21.6883333333333,1,1
0.549814315075938,0.401554631822529,1.12678336055033,21.6883333333333,1,1
0.605563625227506,0.460721514525523,1.15865080918416,21.7217,1,1
0.596191187645467,0.405385747613935,1.1055399583627,21.7217,1,1
0.624040326116757,0.423158606176691,1.11164662220437,21.7550666666667,1,1
0.632490719704314,0.370593627893921,1.05754721127139,21.7550666666667,1,1
0.704467481383354,0.444550649068044,0.736300597991681,21.7550666666667,3,1
0.616380406675546,0.497078245086702,1.14665348568557,21.7884333333333,1,1
0.608757748875179,0.433088108876746,1.09472173932904,21.7884333333333,1,1
0.619590293937424,0.498760061622474,1.08787626929091,21.7884333333333,1,1
0.634882451682655,0.490474805121756,1.13637445706575,21.8218,1,1
0.640189500087473,0.486776756847857,1.08527302178908,21.8218,1,1
0.602067031796283,0.433128486292433,1.09740608990066,21.8218,1,1
0.592513945721675,0.423785777381823,1.10572536042551,21.8551666666667,1,1
0.574942120962985,0.395433169973982,1.10715538909242,21.8885333333333,1,1
0.526796229314901,0.373415819418548,1.12103983351571,21.9219,1,1
0.560580178563216,0.338778824410382,1.08109992674397,21.9552666666667,1,1
0.49904050493375,0.322035662027846,1.14242966702513,21.9552666666667,1,1
0.478447506942653,0.267278633043774,1.15002426318259,21.9886333333333,1,1
0.44344234199362,0.223199762631021,1.17274064661429,22.022,1,1
0.454820939045909,0.145191017776725,1.16486154369972,22.0553666666667,1,1
0.451082767070243,0.07848980554934,1.17384523043426,22.0887333333333,1,1
0.457704212214251,0.0111578625373033,1.17558158587661,22.1221,1,1
0.473199108153082,-0.0521808800636694,1.17503801185842,22.1554666666667,1,1
0.496590860935872,-0.109698388256323,1.17711429426037,22.1888333333333,1,1
0.537771279506066,-0.156969151428023,1.17000767293816,22.2222,1,1
0.559322304329315,-0.199941217803251,1.15737292228651,22.2555666666667,1,1
0.578940078593438,-0.23203461932592,1.13777677272216,22.2889333333333,1,1
0.594061752953738,-0.264001424911332,1.1175267234078,22.3223,1,1
0.612712857850457,-0.289690790096661,1.09597513072612,22.3556666666667,1,1
0.614802760679428,-0.302010571817249,1.0943702704383,22.3890333333333,1,1
0.636475386193424,-0.274810848272855,1.05533392633369,22.3890333333333,1,1
0.635445685799239,-0.272770781483491,1.04586061706773,22.4224,1,1
0.703874935899683,-0.0593069775641347,0.0479866223881095,22.4557666666667,4,1
0.577324972665397,-0.194432014315636,1.11443744561358,22.5892333333333,5,1
0.565231329671368,-0.14799148556299,1.10605637390921,22.6226,5,1
0.567677305993901,-0.102284378147635,1.10280829789732,22.6559666666667,5,1
0.553987058800982,0.283320104319157,0.710778167494506,22.6559666666667,5,1
0.59869689046592,0.273940419592213,0.785867137422447,22.6893333333333,5,1
0.55924388271659,-0.0528868583907599,1.09444212978436,22.6893333333333,5,1
0.55107135655084,0.281348082073213,0.711343321397924,22.6893333333333,5,1
0.550221856524938,0.282324482426889,0.712683323112272,22.7227,5,1
0.551891422288783,-0.0114709092803699,1.09153403473995,22.7227,5,1
0.631900418669215,0.290490808616587,0.847927809686164,22.7560666666667,5,1
0.596479011420028,0.200121121211843,0.778423761753999,22.7560666666667,5,1
0.60824991372522,0.354350332988268,0.816186524740143,22.7560666666667,5,1
0.54946209413831,0.285463570692141,0.712824806289406,22.7560666666667,5,1
0.547018805033919,0.0249688968596747,1.08911669307538,22.7560666666667,5,1
0.6341273797973,0.310165184341775,0.842445565495642,22.7894333333333,5,1
0.559244205938862,0.415420221477965,0.73515870484635,22.7894333333333,5,1
0.548956992511425,0.324837614319895,0.716565741596921,22.7894333333333,5,1
0.553067050398988,0.0185403484252606,1.04484967256376,22.7894333333333,5,1
0.629540491047908,0.320500600299929,0.845540111174233,22.8228,5,1
0.629373106900848,0.268928778714751,0.870345676013741,22.8228,5,1
0.623451351312781,0.274327302326238,0.885503570767375,22.8228,5,1
0.558872821934746,0.0866919034281667,1.07624702946413,22.8228,5,1
0.547504899193394,0.321024417605051,0.711223599744498,22.8228,5,1
0.552067217170196,0.0251686635894707,1.02281059056045,22.8228,5,1
0.629447495725733,0.269514194026062,0.871725413976832,22.8561666666667,5,1
0.629090351542777,0.328935832878547,0.846165705481387,22.8561666666667,5,1
0.625661380374912,0.258390626365396,0.88607023087266,22.8561666666667,5,1
0.623316140716682,0.281919484976269,0.886549887830707,22.8561666666667,5,1
0.556863460982422,0.0293769661375886,1.00556500163985,22.8561666666667,5,1
0.551606656705074,0.323609406261188,0.7129268446153,22.8561666666667,5,1
0.549471496381471,0.117918818438746,1.06707178687314,22.8895333333333,5,1
0.559132992452511,0.0266307977955526,1.00126163322851,22.8895333333333,5,1
0.692400788802451,0.79022310168489,0.8748454690639,22.9229,6,1
0.807543503019562,0.221593753102315,0.0354882854895944,22.9562666666667,7,1
0.641701623262537,0.179719073274638,0.974631952023669,22.9562666666667,8,1
0.634949626748753,0.241760761792075,0.895223832226735,22.9562666666667,8,1
0.665141645033303,0.349208158297876,0.826416379368974,22.9562666666667,8,1
0.664236633882699,0.353808113377028,0.815957591693627,22.9562666666667,8,1
0.630842350591513,0.293243632023553,0.859542146469822,22.9562666666667,8,1
0.570619709448134,0.36510239317708,0.704891684952136,22.9562666666667,8,1
0.583248828103667,0.0257569347101,0.982360410577726,22.9562666666667,8,1
0.558229071627706,0.023367029285522,0.985546643987804,22.9562666666667,8,1
0.654244549935435,0.223469939207276,0.996399482719997,22.9896333333333,8,1
0.575034230506692,0.373204588040071,0.704343438241975,22.9896333333333,8,1
0.57424926604548,0.00908284197149989,0.966445866412986,22.9896333333333,8,1
0.547699340474965,0.122209621482847,1.07925570583526,22.9896333333333,8,1
0.7019997037224,0.796660084163741,0.862390492437186,23.0563666666667,9,1
0.609964191660015,0.301559576035014,0.751922324413806,23.0563666666667,10,1
0.60029129940885,0.457283968178707,0.734381081319087,23.0563666666667,10,1
0.582255304326651,-0.0260182630783338,0.931309613600856,23.0563666666667,10,1
0.550005323113615,0.132147470601991,1.08288503429019,23.0563666666667,10,1
0.670375551382128,0.201468864374732,0.924750748681742,23.0897333333333,10,1
0.637330349330834,0.170949122145305,0.968035729569012,23.0897333333333,10,1
0.625294624152172,0.37850274533429,0.793778075819415,23.0897333333333,10,1
0.620805347399002,0.413294904570194,0.782836023342742,23.0897333333333,10,1
0.567386963238512,0.120542899933767,1.06928850844743,23.0897333333333,10,1
0.571628921475421,-0.0207936093009089,0.939589625634377,23.0897333333333,10,1
0.608899509684502,0.059644344315578,0.904088431250455,23.1231,10,1
0.554061855885704,0.116665480163377,1.06868843413595,23.1231,10,1
0.627505444320418,0.0346195784727519,0.428421297127893,34.1007333333333,11,2
0.593599787143684,0.539367282460106,0.433272394070645,34.1674666666667,12,2
0.597641124250931,0.538465254207806,0.43193470697547,47.9812666666667,13,3
0.621760105035394,0.0145441526895569,0.411146936491759,58.7920666666667,14,4
0.617265874544353,0.03120823926421,0.404883294842003,58.8254333333333,14,4
0.603073626022178,0.524677599996176,0.417122665277571,58.8921666666667,15,4
0.603716213249674,0.524882101979056,0.417307275265548,58.9255333333333,15,4
0.620625941808313,0.0361848640145246,0.406418213561853,58.9922666666667,16,4
0.620646112066709,0.0352777209433159,0.406454312008444,59.0256333333333,16,4
0.620196022987328,0.0376639840183486,0.407974003217343,59.059,16,4
0.619841983822804,0.0386489040266021,0.408923521390213,59.0923666666667,16,4
0.620117818611977,0.0387952297532774,0.409394364417556,59.1257333333333,16,4
0.619881270866303,0.0398514445747736,0.411279877438975,59.1591,16,4
0.619370173623813,0.0394904475223438,0.412937532140283,59.1924666666667,16,4
0.619568186332392,0.0393688814258665,0.413960362278686,59.2258333333333,16,4
0.619272287258428,0.0389833813928576,0.414642257523244,59.2592,16,4
0.619287789343827,0.0381619524840784,0.414807749582764,59.2925666666667,16,4
0.61926367491115,0.0380584915721977,0.414893283788615,59.3259333333333,16,4
0.619544780166751,0.0380256009402958,0.414904909648518,59.3593,16,4
0.619281235485219,0.0390578053877105,0.415110873994435,59.3926666666667,16,4
0.664930052477024,-0.365898689915374,0.429077015934027,59.4260333333333,17,4
0.60161286455768,-0.00322210725953087,0.445176282276093,59.7263333333333,18,4
0.609375657368182,0.0601005990072733,0.456746053669241,59.7597,18,4
0.611290966181044,0.00665627729501217,0.441254971032875,59.7597,18,4
0.62052468788122,0.0643868852669145,0.453779430541306,59.7930666666667,18,4
0.61290232967806,0.090258139570498,0.472639161758254,60.0933666666667,19,4
0.614419463047731,0.0411595418051345,0.459160063849606,60.1267333333333,19,4
0.611293152641729,0.136880766385867,0.462210480783394,60.1267333333333,19,4
0.593618009917009,0.0836909330272056,0.445999759944665,60.1267333333333,19,4
0.596344382473773,0.0464336890026446,0.455889097344885,60.1601,19,4
0.591995383308839,0.0772681282453226,0.443830645815383,60.1601,19,4
0.60935270176193,0.0475343765874113,0.451672504200254,60.1934666666667,19,4
0.592123394250632,0.0780545358011071,0.442773053487692,60.1934666666667,19,4
0.61299626824225,0.13043298332844,0.458154072161325,60.2268333333333,19,4
0.609976674262343,0.0525787788177826,0.450024329800373,60.2268333333333,19,4
0.616837853799809,0.0995998163696509,0.46384134200215,60.2602,19,4
0.61097307831348,0.0580841637532704,0.448621234332319,60.2602,19,4
0.614082956359513,0.123613003445387,0.45629553498262,60.2935666666667,19,4
0.611633561289593,0.0607111612853277,0.448277749745197,60.2935666666667,19,4
0.614217296721241,0.122377042105525,0.456292270014512,60.3269333333333,19,4
0.611986419059045,0.0633002527357754,0.447572842076034,60.3269333333333,19,4
0.610352250126966,0.118496226962428,0.457227837440883,60.3603,19,4
0.605592577339573,0.0820081791891906,0.443449566544187,60.3603,19,4
0.604529299230713,0.0806475530057104,0.443996829040131,60.3936666666667,19,4
0.605092808157201,0.0824985001126448,0.443544423646726,60.4270333333333,19,4
0.605088597463642,0.0828179677178925,0.443563182984561,60.4604,19,4
0.609317881259547,0.121011988590427,0.45861018366572,60.4937666666667,19,4
0.60486094411631,0.0836068629410616,0.444647434204677,60.4937666666667,19,4
0.604205044987028,0.0829356652570842,0.445600727192439,60.5271333333333,19,4
0.603590832239099,0.082520457534022,0.446272678312341,60.5605,19,4
0.621688843661837,-0.373091195605683,0.46598637730141,60.5605,20,4
0.613816829233018,0.04867769680241,0.460712650593275,60.5938666666667,19,4
0.614255248531407,0.0461564477263826,0.461754699893133,60.6272333333333,19,4
0.724589903382076,0.866143325267721,0.896949780678208,103.536766666667,21,5
0.729518816429547,0.969943392539821,0.911435396441605,103.570133333333,21,5
0.720741033674908,0.935496445665018,0.912391035270981,103.570133333333,21,5
0.737070448626743,0.967464939560999,0.893272453402754,103.670233333333,22,5
0.738563827615485,1.05811086716265,0.941432403099022,103.670233333333,22,5
0.735786783532813,0.99891358578059,0.899928899012774,103.7036,22,5
0.738380393647644,1.08409885911428,0.944605483851669,103.7036,22,5
0.741631439953031,1.10643423885399,0.913126305574219,103.770333333333,23,5
0.723818787994297,1.06307865643859,0.929301048919032,103.770333333333,23,5
0.738556992155472,1.09144605966196,0.907055048271535,103.8037,23,5
0.723388161574336,1.07683425490879,0.929029753798703,103.8037,23,5
0.738911034237184,1.1627587088327,0.916096514109816,103.9038,24,5
0.722506240433562,1.08789066231506,0.916845799698195,103.9038,24,5
0.737835997519954,1.17867847192575,0.921582515232147,103.937166666667,24,5
0.717050406622088,1.17756661363669,0.937786036858308,103.937166666667,24,5
5.73975488628837,2.61589333441208,2.27865057831088,155.5554,25,6
5.76313828767462,2.57178210934504,2.28865430208439,155.622133333333,26,6
5.79106333696907,2.56560421665454,2.29717784816454,155.6555,26,6
8.09403592820725,2.02413959728884,2.72173982679548,161.828333333333,27,7
8.07673856599475,1.99820170710455,2.719856650549,161.8617,27,7
8.07496648488858,1.97253718841262,2.72017459347911,161.895066666667,27,7
8.07647242946646,1.95394050211559,2.72539412696399,161.928433333333,27,7
8.07368337459001,1.92821432038355,2.7265647819699,161.9618,27,7
8.04820420891315,1.90478706298182,2.72108099240489,161.995166666667,27,7
8.13550967815135,1.59821651229128,2.718079043306,162.5624,28,7
8.12585899696224,1.55316275242945,2.71229463963315,162.629133333333,29,7
8.18309514967424,1.51999691302576,2.72514542264177,162.695866666667,30,7
6.20873723742874,-10.77346977507,2.42819648392896,177.010166666667,31,8
6.20873723742874,-10.77346977507,2.42819648392896,177.043533333333,31,8
6.1250308769819,-10.6041467938243,2.40149286003674,177.0769,31,8
5.83407357899912,-10.1717817473662,2.3500634348626,177.610766666667,32,8
5.83407357899912,-10.1717817473662,2.3500634348626,177.644133333333,32,8
5.83407357899912,-10.1717817473662,2.3500634348626,177.6775,32,8
5.71598688075378,-10.0133734492658,2.38646509957448,178.244733333333,33,8
5.7013350121462,-10.0049595523002,2.38412557204712,178.2781,33,8
-2.57829726360584,3.67593848881529,0.657667717256812,199.9998,34,9
-2.5782399620745,3.67585695015707,0.66038532591128,200.033166666667,34,9
-2.5782399620745,3.67585695015707,0.66038532591128,200.066533333333,34,9
-2.5782399620745,3.67585695015707,0.66038532591128,200.0999,34,9
-6.64469749934881,-4.5908178638283,2.66369941516323,202.468933333333,35,10
-6.67851409192709,-4.58290290631758,2.67506230799001,202.5023,35,10
-6.77567877910126,-4.61788348478986,2.70431919267753,202.535666666667,35,10
-6.71810203223782,-4.55326225131325,2.68698532256611,202.569033333333,35,10
-6.78155452973887,-4.29171716377458,2.72237546972736,203.036166666667,36,10
-6.77974043691323,-4.27524575906895,2.72252728864596,203.069533333333,36,10
-6.73374598008515,-4.22521751379291,2.70834714574187,203.1029,36,10
-6.77517455469485,-4.23184674397311,2.72072934964544,203.136266666667,36,10
-3.26647314556498,2.88870381353398,2.49227792869064,213.479933333333,37,11
-3.26182662478575,2.91625427338348,2.4936590520412,213.5133,37,11
-3.25979090710345,2.9447204869025,2.49690996937898,213.546666666667,37,11
-3.24394059513979,2.96531952568602,2.49561374089743,213.580033333333,37,11
-3.23464531467808,2.98522331455155,2.49351672929029,213.6134,37,11
-3.24786354553389,3.02425472408126,2.50450424893649,213.646766666667,37,11
-3.12070988899094,3.29971001219718,2.54302377378372,214.1139,38,11
-3.11571971670271,3.31841941056053,2.54872396534622,214.147266666667,38,11
-3.09895327302429,3.32680767336233,2.54736298374604,214.180633333333,38,11
-3.08174647541434,3.33687506887085,2.54696787271364,214.214,38,11
-3.08895520751977,3.36280938467871,2.55841641647518,214.247366666667,38,11
-3.09796720634633,3.390889516561,2.56948755657489,214.280733333333,38,11
-2.98178670005238,3.55509815264247,2.62875353544027,214.747866666667,39,11
-2.97709895627315,3.56319657891679,2.63311922052959,214.781233333333,39,11
-2.94449447071927,3.55376685520714,2.62494792904823,214.8146,39,11
-2.93161137599124,3.55516785597789,2.62514288623503,214.847966666667,39,11
-2.91470123289434,3.56325459174418,2.62584904585542,214.881333333333,39,11
-2.91947712814856,3.58244837729834,2.63464011336405,214.9147,39,11
12.6111177910776,-11.7093340579433,1.52242204634474,304.170533333333,40,12
12.2591582979678,-11.5389943315289,1.50652231188221,304.237266666667,41,12
12.7068151279198,-12.0202210259433,1.54347872631883,304.270633333333,42,12
1.81631710554858,-0.940027663037258,0.682354806975051,305.071433333333,43,13
7.86791315566061,-9.44949082980885,1.28178182465193,305.4051,44,14
4.89967546268931,-7.22641703614515,1.09227790184203,306.239266666667,45,15
4.16961962742301,-6.41088837219797,1.03151785232309,306.4061,46,16
10.0936910478351,-9.34675941772023,1.34472645567612,334.0337,47,17
7.25833334579517,-7.82121118829884,1.18838071105231,334.667666666667,48,18
3.92622563148202,-5.51557203705548,0.978475984456314,335.668666666667,49,19
3.90518568629966,-5.64887439923992,0.988108537274027,335.7354,50,19
3.78027839851012,-5.53097531651923,0.977241346054751,335.768766666667,50,19
-2.63444335845706,12.740339093747,1.74766839364087,356.9566,51,20
-2.68574996224989,12.9704435431645,1.76755138264654,356.989966666667,51,20
-2.71133018984713,13.0698167101528,1.77854729269723,357.023333333333,51,20
-2.66905823510265,13.0302010193863,1.87909329079437,357.623933333333,52,20
-2.60919659154676,12.751578338866,1.85660222689765,357.6573,52,20
-1.29597829657791,8.94673678518349,2.55908148463577,363.9636,53,21
-1.25902297602067,8.77997092013334,2.53019575950336,363.996966666667,53,21
-1.25333462873919,8.76123456061168,2.53578506845878,364.030333333333,53,21
-1.24979295375307,8.72615508466012,2.53975066469184,364.0637,53,21
-1.24050430418456,8.69232844864283,2.5404089817247,364.097066666667,53,21
-1.27231171961696,8.83993718424738,2.58356058117986,364.130433333333,53,21
-1.270207202644,8.81160837115776,2.58849856893302,364.1638,53,21
-1.04933274623395,7.99979735624765,2.51382649856925,364.597566666667,54,21
-1.04489033746851,7.98924638823738,2.5190165568023,364.630933333333,54,21
-1.05944976525133,8.05746644232157,2.54381407159875,364.6643,54,21
-1.06963660024772,8.11491491895232,2.56448160628692,364.697666666667,54,21
-1.08209001609796,8.18846831120857,2.59406584372321,364.731033333333,54,21
-1.11759120741222,8.36632496458615,2.64820910267749,364.7644,54,21
9.81664197076149,4.36362963382965,3.69958290547693,365.998966666667,55,22
1.64896347249607,0.149395082178022,0.801205643278537,366.032333333333,56,23
1.65105048998974,0.148466692441763,0.801527780461673,366.0657,56,23
1.65153100633493,0.146760167212953,0.801218755536715,366.099066666667,56,23
0.438210718798804,4.45170981229538,2.92552577477169,370.703666666667,57,24
0.441748081977615,4.53944042761903,2.99015166857969,370.737033333333,57,24
0.449493497222972,4.53993786936831,3.00522108809296,370.7704,57,24
0.456411113710096,4.53875574925231,3.02193638108778,370.803766666667,57,24
0.462800025234154,4.51260325697512,3.0213420599217,370.837133333333,57,24
0.465351601035731,4.52296357060921,3.04259637316202,370.8705,57,24
0.476701232027088,4.46714639896492,3.02778935963553,370.903866666667,57,24
0.594320934327545,4.1047428617079,2.99474204070268,371.337633333333,58,24
0.606912261790198,4.05195445867721,2.97645692787933,371.371,58,24
0.616913941210269,4.01252673740387,2.96532326686958,371.404366666667,58,24
0.628433507001531,4.02020324024818,2.9836642914425,371.437733333333,58,24
0.640457415736221,3.99469005731481,2.9845379300512,371.4711,58,24
0.65188059992551,3.92693744752742,2.95741807549831,371.504466666667,58,24
0.665446762058992,3.93008027175163,2.97434080259257,371.537833333333,58,24
3.61977754042744,2.59743921148493,3.04815762207235,378.0777,59,25
3.64848198533245,2.61401631124384,3.05933906651952,378.111066666667,59,25
3.64945348943986,2.60634818731151,3.04909116222269,378.144433333333,59,25
3.65985960836131,2.60810964774833,3.04697085968744,378.1778,59,25
3.68011036100724,2.61368608895192,3.05014263607969,378.211166666667,59,25
3.69568263986246,2.61549177845494,3.05078251528464,378.244533333333,59,25
3.92614201113149,2.55978778513043,3.03214330384929,378.711666666667,60,25
3.93420001897243,2.55558396516545,3.03091384005829,378.745033333333,60,25
3.95075048379549,2.55206797477082,3.03171771034611,378.7784,60,25
3.97099985846901,2.55451041790102,3.03819480256871,378.811766666667,60,25
3.97102037055248,2.54309966426778,3.03112629113773,378.845133333333,60,25
4.0003663234126,2.5517577803298,3.04143317191852,378.8785,60,25
-1.98934745158588,-10.4222359620964,1.48091419161905,393.826766666667,61,26
-2.05788752579301,-10.5206554949228,1.58998019186851,394.394,63,26
0.422793774023449,-0.129508496854803,0.626725324074681,394.360633333333,62,27
-0.385530399874493,-8.17980929856111,1.46318645462734,400.6002,64,28
-0.332875262420464,-7.72412422726173,1.42159080409658,400.633566666667,65,28
-0.351485889014706,-7.87099654830608,1.44594116658004,400.666933333333,65,28
-0.357231701568204,-7.92924644557001,1.45320926869051,400.7003,65,28
-0.388527802769371,-8.11116854857992,1.47843613871516,400.733666666667,65,28
-0.411535147923123,-8.20544857791439,1.45814473916838,401.2008,66,28
-0.485132371987151,-8.74437547823029,1.51533256501042,401.234166666667,67,28
-0.453368288279662,-8.45419958337456,1.48013176146602,401.267533333333,67,28
-0.465495983226319,-8.56011902036966,1.49175066766769,401.3009,67,28
7.02254816401417,-4.75166746024356,2.90273430302031,401.434366666667,68,29
7.03633358050491,-4.80051581679649,2.90691205961132,401.467733333333,68,29
6.97125311951149,-4.78025368632912,2.8865997051754,401.5011,68,29
6.99457003751949,-4.83379289003783,2.89377792672833,401.534466666667,68,29
6.91122352397517,-4.80709633453588,2.86358702664369,401.567833333333,68,29
6.56263481775314,-5.02922277829203,2.75745377584528,402.068333333333,69,29
6.55003724515337,-5.05132126758441,2.74931374946946,402.1017,69,29
6.56705552675326,-5.09901154011788,2.75524552472524,402.135066666667,69,29
6.55870611907418,-5.11953200198925,2.75203804916593,402.168433333333,69,29
6.51303594080409,-5.11181661831742,2.73409847578986,402.2018,69,29
6.4795668531733,-5.09847653719072,2.71933723259651,402.235166666667,69,29
0.252812970846104,-7.17438655524311,1.70046817845315,408.441366666667,70,30
0.241320051269324,-7.35737832560109,1.73479436624908,408.474733333333,70,30
0.260236593716509,-6.92801563687284,1.67352404460185,408.5081,71,30
0.263925908200463,-6.80272409943016,1.66227976685133,408.541466666667,71,30
0.272330987941205,-6.5817938776458,1.63052709252149,408.574833333333,71,30
0.278259255502735,-6.49923695434911,1.62063839676494,408.6082,71,30
0.29563470319081,-6.20348121756845,1.57696533650582,408.641566666667,71,30
0.319301319311808,-6.01871901465949,1.60170727355389,409.0086,72,30
0.306652296807779,-6.33536789958505,1.65423777437031,409.041966666667,73,30
0.325298614022095,-5.96242969188156,1.59804509441174,409.075333333333,74,30
0.32695280922017,-5.87684986043399,1.58832250938984,409.1087,74,30
0.331662139757608,-5.71035564772269,1.56200206764272,409.142066666667,74,30
0.332764840843983,-5.64955984281359,1.55059420232793,409.175433333333,74,30
0.335663089531001,-5.4925547797988,1.52500335201795,409.2088,74,30
0.240417601792805,-6.85973412268617,1.79242065837356,409.575833333333,75,30
0.233989418190224,-6.8201144566486,1.78476782176104,409.6092,75,30
0.227931928685449,-6.88305536803097,1.79747170030316,409.642566666667,75,30
0.233612885019709,-6.76595376813729,1.77496366259155,409.675933333333,75,30
0.240694021804848,-6.61454564837566,1.75252513552076,409.7093,75,30
3.12242133843755,-4.7369765926789,1.73378381151265,416.482733333333,76,31
3.11538812217238,-4.72204508588681,1.73056312344057,416.5161,76,31
3.15338875374748,-4.78450361829669,1.7472767615656,416.549466666667,76,31
3.16181637085153,-4.80046675026179,1.74891303703574,416.582833333333,76,31
3.16538635775881,-4.95107074002325,1.78366341798425,417.049966666667,77,31
3.15638813339794,-4.94579446871308,1.78384393937918,417.083333333333,77,31
3.17485827965134,-5.00553003187266,1.79728506349907,417.1167,77,31
3.17772393307728,-5.02458930378711,1.80153759484658,417.150066666667,77,31
3.1008063848838,-5.09905766434858,1.80683786692396,417.650566666667,78,31
3.1315077516763,-5.17324368432313,1.82601429073123,417.683933333333,78,31
3.89012240380988,-4.19445893354734,1.37241031697716,424.3239,79,32
3.91640555651473,-4.230763325456,1.37724307072537,424.357266666667,79,32
3.90053613172215,-4.20362025715211,1.37378682145715,424.390633333333,79,32
3.92392747649387,-4.22910779048731,1.37970394140156,424.424,79,32
3.91534022051875,-4.21710196556417,1.37897578678111,424.457366666667,79,32
3.90163335561127,-4.19740980718892,1.37634880234172,424.490733333333,79,32
3.90478433900707,-4.19895480326063,1.37881037355763,424.5241,79,32
3.87892892008817,-4.24523092509776,1.36579012855626,424.991233333333,80,32
3.84801330141784,-4.21415457709864,1.35616524520495,425.0246,80,32
3.86567397233397,-4.24366625371292,1.35945212533605,425.057966666667,80,32
3.8568349537645,-4.24388588796388,1.3566508930632,425.091333333333,80,32
3.81139315335958,-4.17693388231763,1.32971395897188,425.558466666667,81,32
3.81953608555162,-4.18307213464538,1.33161650886798,425.591833333333,81,32
3.81953608555162,-4.18307213464538,1.33161650886798,425.6252,81,32
3.81953608555162,-4.18307213464538,1.33161650886798,425.658566666667,81,32
3.81024766672613,-4.16943157880332,1.32995894197304,425.691933333333,81,32
4.11983908945103,-3.36029050555192,1.08292032424826,431.8314,82,33
4.08795114048548,-3.333164857598,1.08084225946284,431.864766666667,82,33
4.10792539265019,-3.35361918944203,1.08482053781025,431.898133333333,82,33
4.11230752240644,-3.35888954982248,1.08775380892332,431.9315,82,33
4.09605651979455,-3.34644600597777,1.08638207902749,431.964866666667,82,33
4.12477344576189,-3.37919001316218,1.09230076540128,431.998233333333,82,33
4.08903882378025,-3.39120916148886,1.09806982409004,432.465366666667,83,33
4.07372647651067,-3.38009375120728,1.0998314683748,432.498733333333,83,33
4.07850804594292,-3.39070439316104,1.10081306526299,432.5321,83,33
4.07542245748603,-3.39025348949443,1.10169434955677,432.565466666667,83,33
4.06626777798679,-3.38808586349592,1.10284221213066,432.598833333333,83,33
4.05832787076015,-3.38215206134533,1.10349737982411,432.6322,83,33
4.03679733088196,-3.33753923636774,1.12360107406973,433.1327,84,33
4.05848089983834,-3.35607818938871,1.12766009959807,433.166066666667,84,33
4.05466840165345,-3.35303136309482,1.12875670951847,433.199433333333,84,33
4.06159720826562,-3.35987111236737,1.13365616417618,433.2328,84,33
4.02880748639,-3.3285659840224,1.13202931282738,433.266166666667,84,33
2.17993388669431,-0.811299126597218,0.598171004302485,448.981866666667,85,34
2.15445715939425,-0.804979959750905,0.599251873058975,449.182066666667,86,34
1.79010361060592,-0.71009992668361,0.602882773618602,450.116333333333,87,34
7.48393905036775,-8.17538677616228,1.19281239535734,450.817033333333,88,35
4.37176027356108,-6.72984013939315,1.04727936465319,452.185066666667,89,36
6.54999829769516,2.74903844281403,4.35186374726103,458.925133333333,90,37
6.51438057586414,2.76064190134437,4.33296969572177,458.9585,90,37
6.54994537647004,2.80475915459164,4.35647950525962,458.991866666667,90,37
6.54190560271352,2.83174037117753,4.3545122383987,459.025233333333,90,37
6.52637720192783,2.85393753925587,4.34610751610847,459.0586,90,37
6.52147291395482,2.88328370295048,4.34620468279644,459.091966666667,90,37
6.65971477451628,3.36174983337806,4.47226878144413,459.592466666667,91,37
6.64504904515094,3.37952311956233,4.46695148982438,459.625833333333,91,37
6.64696404321695,3.40209663681728,4.46885043856844,459.6592,91,37
6.64982866538582,3.4318441407328,4.47133656348095,459.692566666667,91,37
11.9294659260322,4.09216316333496,4.83745301067835,471.704566666667,92,38
11.7940544327882,4.00828904006015,4.79801446914744,471.737933333333,92,38
11.8249641468501,3.98617712744465,4.82787047257583,471.7713,92,38
2.58303133321736,-0.751518812973419,-0.160320380911474,545.211333333333,93,39
2.58303133321736,-0.751518812973419,-0.160320380911474,545.2447,93,39
2.58236067905253,-0.75102168171181,-0.159891525288912,545.278066666667,93,39
2.58236067905253,-0.75102168171181,-0.159891525288912,545.311433333333,93,39
2.58236067905253,-0.75102168171181,-0.159891525288912,545.3448,93,39
2.58303133321736,-0.751518812973419,-0.160320380911474,545.378166666667,93,39
2.58303133321736,-0.751518812973419,-0.160320380911474,545.411533333333,93,39
2.58303133321736,-0.751518812973419,-0.160320380911474,545.4449,93,39
2.58238220063719,-0.75132962284008,-0.158992649809243,545.478266666667,93,39
2.58178071044327,-0.751552191182992,-0.158947209134163,546.312433333333,94,39
2.58327221805676,-0.751923775568128,-0.159280738269244,546.3458,94,39
2.58238220063719,-0.75132962284008,-0.158992649809243,546.379166666667,94,39
2.58679101751626,-0.752598374565265,-0.161204524976349,546.412533333333,94,39
2.58507206058478,-0.751423787629724,-0.160527613349901,546.4459,94,39
2.58310247265864,-0.751761926117901,-0.159021734639316,546.479266666667,94,39
2.58259569662353,-0.751380770939874,-0.158677050954154,546.512633333333,94,39
11.820727729739,-11.1354315051846,1.42677919975823,562.328433333333,95,40
12.5327794874494,-11.9128839910923,1.48597058988145,562.3618,96,41
0.726129723938031,-0.374832442445599,0.620892621774908,565.831933333333,97,42
-7.59025087068716,-3.56301537372207,1.66909546199627,585.751833333333,98,43
-7.72886224144586,-3.60378591591918,1.69385673048776,585.7852,98,43
-7.70217657098052,-3.57032289268931,1.6901691259819,585.818566666667,98,43
-7.80172116851074,-3.47511710192501,1.7316461301801,586.118866666667,99,43
-7.79339144223336,-3.46258795661934,1.73437028026272,586.152233333333,99,43
-5.92401372644254,-2.77112345703946,1.3196645755733,592.425166666667,100,44
-5.90540116164491,-2.7643916684389,1.31765914642352,592.458533333333,100,44
-5.90540116164491,-2.7643916684389,1.31765914642352,592.4919,100,44
-4.67822324312009,-1.59111939378728,1.86604550274703,598.564633333333,101,45
-4.67133988737098,-1.58529938478624,1.86390237475805,598.598,101,45
-4.66878379341645,-1.51694590026943,1.84003638753858,598.831566666667,102,45
-4.65222902867024,-1.50497929275663,1.82988060312511,598.864933333333,102,45
-4.66014156606128,-1.49696591874184,1.82007520901623,598.8983,102,45
-4.6595365221804,-1.48807125395306,1.81191843084467,598.931666666667,102,45
-4.67443767764654,-1.47910678591344,1.76879483675768,599.0985,103,45
-4.6940974486828,-1.48169292574593,1.76583749694395,599.131866666667,103,45
-4.68167101802771,-1.47693438551834,1.74537688859797,599.1986,104,45
-4.68233575417717,-1.47721001191722,1.74085733188506,599.231966666667,104,45
-4.69364253391255,-1.47971681989934,1.73517046263586,599.265333333333,104,45
-4.66306396817199,-1.51945716683955,1.70112005311786,599.465533333333,105,45
-4.63258684976564,-1.52542029246273,1.69253376760336,599.4989,105,45
-1.95803994933925,-3.78674820900329,1.46663414248804,608.1075,106,46
-1.97458153529639,-3.81432610633204,1.4705683921458,608.140866666667,106,46
-1.96670041934244,-3.80911718356569,1.46658179639302,608.174233333333,106,46
-1.94756206395652,-3.78512459265358,1.45839956998529,608.2076,106,46
-1.97650583576314,-3.86889884361481,1.46074344351469,608.374433333333,107,46
-1.96738324212013,-3.86163960369601,1.45732954580737,608.4078,107,46
-1.95665264272528,-3.85863979736353,1.45551939284495,608.441166666667,107,46
-1.92444295883338,-3.88855039712801,1.4469056150452,608.741466666667,108,46
-1.93900210394987,-3.91547631762677,1.45377986915551,608.774833333333,108,46
-0.00593890371020656,-6.48030013962504,1.35654703314243,614.280333333333,109,47
0.0469634647064606,-5.98431027257108,1.2948381069989,614.3137,110,47
2.0143224521974,-1.08318187182574,0.696354832256182,626.258966666667,111,48
11.6807192920136,-10.9462877290044,1.43497467944371,626.659366666667,112,49
2.58504094514366,-0.771998101138335,-0.0744874741774092,697.129766666667,113,50
2.58573830749358,-0.773249921477486,-0.0761233681178776,697.163133333333,113,50
2.58596465694846,-0.7726122750572,-0.0746887870039938,697.1965,113,50
2.58479703587346,-0.77246153219779,-0.0743305304460334,697.229866666667,113,50
2.58478951424359,-0.772363662111425,-0.0739036608267524,697.263233333333,113,50
2.58536888202461,-0.772430585347012,-0.0734232499785484,697.2966,113,50
2.58400536384745,-0.772197485371417,-0.0733802279502876,697.329966666667,113,50
2.58410580160698,-0.771284694862238,-0.0738580424872506,697.363333333333,113,50
2.58880394619438,-0.772167656232592,-0.0752570522169945,698.330966666667,114,50
2.58410580160698,-0.771284694862238,-0.0738580424872506,698.364333333333,114,50
2.58410580160698,-0.771284694862238,-0.0738580424872506,698.3977,114,50
2.58410580160698,-0.771284694862238,-0.0738580424872506,698.431066666667,114,50
2.58880394619438,-0.772167656232592,-0.0752570522169945,698.464433333333,114,50
-2.59778922607062,3.79704867553065,0.411100638563428,739.505433333333,115,51
-2.5645898681452,3.76094126206068,0.415286289308403,739.5388,115,51
-2.5645898681452,3.76094126206068,0.415286289308403,739.572166666667,115,51
-2.5645898681452,3.76094126206068,0.415286289308403,739.605533333333,115,51
-2.57388595970238,3.77022360713845,0.414793485507588,739.6389,115,51
-2.59730431272845,3.79645566359957,0.413297044826492,739.672266666667,115,51
-2.57789624933426,3.77824658650856,0.414914225274473,740.5398,116,51
-2.57785676567846,3.77822474535546,0.413048080420351,740.573166666667,116,51
-2.57747948692611,3.7778013513857,0.411862935714915,740.606533333333,116,51
-2.5733851153405,3.77243512180603,0.412572539282903,740.6399,116,51
-2.57812381057199,3.77852636093834,0.413822377627514,740.673266666667,116,51
2.10491822813058,-4.57968926012645,1.54099007718491,744.5438,117,52
2.07601514794777,-4.52579717898863,1.53453260657208,744.577166666667,117,52
2.05788718646779,-4.49375343230521,1.53484694470521,744.610533333333,117,52
1.98179119972755,-4.41320144923725,1.55683768229443,744.810733333333,118,52
1.96202244400761,-4.36963249932966,1.55287496956366,744.8441,118,52
1.96104037475597,-4.38122934905047,1.56026010559105,744.877466666667,118,52
1.95798376651998,-4.39363446750811,1.56741710599062,744.910833333333,118,52
0.737846701220999,-0.351577538988466,0.680088558476527,744.9442,119,53
3.5426669654584,-5.91011181885226,0.994430131422907,754.620533333333,120,54
0.712728059649996,-5.67824144340274,1.65220997388783,759.325233333333,121,55
0.690992776915999,-5.59692831739914,1.63463269096078,759.3586,121,55
0.662188955405721,-5.60234484398188,1.63386474562652,759.391966666667,121,55
0.633700584138371,-5.62954728783716,1.63998204416742,759.425333333333,121,55
0.60605395280909,-5.40602462116698,1.59291356882681,759.4587,121,55
0.582404231002723,-5.17936226342349,1.54676126147621,759.492066666667,121,55
0.552165581927753,-5.38378691539574,1.58791842446126,759.525433333333,121,55
0.530517955810902,-4.98736873668568,1.52274782510802,759.5588,122,55
0.200334430326674,-5.25653507721024,1.57093640272162,759.992566666667,123,55
0.192101625501732,-5.16809450057531,1.55359399232351,760.025933333333,123,55
0.174373990848521,-5.1650760460129,1.549329951292,760.0593,123,55
0.154152036327068,-5.25387903711102,1.56136651533699,760.092666666667,123,55
-0.405888350567202,-2.19494544563468,1.71306710150093,761.0603,124,56
-0.417003417666199,-2.20950204904801,1.71897597557643,761.093666666667,124,56
-0.41903371629649,-2.20654464225611,1.71745960873032,761.127033333333,124,56
-0.423430248075692,-2.20633708123122,1.71655747793456,761.1604,124,56
-0.471425954549829,-2.23661199770837,1.72641615992548,761.293866666667,125,56
-0.487099637244485,-2.2490374226281,1.72855412868107,761.327233333333,125,56
-0.496744802816751,-2.25342929206679,1.72619989811856,761.3606,125,56
-0.50571981776902,-2.25634251261049,1.72320315488461,761.393966666667,125,56
-0.523964282379518,-2.27117986425968,1.72608233047354,761.427333333333,125,56
-0.537856661104903,-2.27735381783888,1.72416152154879,761.4607,125,56
-0.611211391937231,-2.33537577613799,1.72422757999236,761.6609,126,56
-0.62120616147001,-2.34531044623205,1.72374240959078,761.694266666667,126,56
-0.624446268003726,-2.3461895236416,1.71849054785506,761.727633333333,126,56
-0.631662987999469,-2.36064110367869,1.72241178697873,761.761,126,56
-1.1329408884042,-6.90705974400653,1.58489830340848,768.2675,127,57
-1.16580275429599,-7.02946713038312,1.60489701181803,768.300866666667,127,57
-1.13631244106336,-6.91175762954941,1.59383492483865,768.334233333333,127,57
-1.20734668352121,-7.17583937456082,1.6358937648265,768.3676,127,57
-1.17049444695192,-7.04257707215985,1.61658220637134,768.400966666667,127,57
-2.5829687763088,3.77979255375619,0.412899565461536,782.348233333333,128,58
-2.58189323740202,3.77839888646629,0.412889931240978,782.3816,128,58
-2.58189323740202,3.77839888646629,0.412889931240978,782.414966666667,128,58
-2.56633139102903,3.76148060888765,0.41400714437471,782.448333333333,128,58
-2.58060848324013,3.77894319063621,0.412721619400697,782.4817,128,58
-2.59318272446725,3.79351292611371,0.410811328065093,783.349233333333,129,58
-2.57771999712083,3.77809293064222,0.410924360715273,783.3826,129,58
-2.57771999712083,3.77809293064222,0.410924360715273,783.415966666667,129,58
-2.57771999712083,3.77809293064222,0.410924360715273,783.449333333333,129,58
-2.59318272446725,3.79351292611371,0.410811328065093,783.4827,129,58
-4.08887129568156,-8.13616700424777,1.12702620238941,793.793,130,59
-5.6835971297778,6.19896161269592,1.8875095530702,795.8951,131,60
-5.67590680292382,6.19520530024101,1.88472227636197,795.928466666667,131,60
-5.66335124250354,6.20292664822894,1.88124707277658,795.961833333333,131,60
-5.60799495791428,6.15607448188849,1.86602416148338,795.9952,131,60
-5.51450198706124,6.09094914774678,1.7579946321619,796.4957,132,60
-5.42468469751409,6.00665074005331,1.73877217243573,796.529066666667,132,60
-5.51312372092785,6.08963752593734,1.75450525874529,796.562433333333,132,60
-5.18437354965874,5.83386203596431,1.65178647077814,797.0963,133,60
-2.84482976726913,3.63659809287557,1.90113005534293,803.569433333333,134,61
-2.83693598293439,3.62931132836076,1.90505185734306,803.6028,134,61
-2.82101883697202,3.61711761733916,1.90901222865711,803.636166666667,134,61
-2.81502207843427,3.61441483402787,1.91473301370868,803.669533333333,134,61
-2.83376501480706,3.63213525508744,1.92999643296176,803.7029,134,61
-2.81588144235075,3.61274140386,1.92892153239675,803.736266666667,134,61
-2.8028501126883,3.60262257237952,1.93020113663448,803.769633333333,134,61
-2.7841349904248,3.53233641581109,1.97251499911976,804.170033333333,135,61
-2.76041308999746,3.50490169902104,1.96730249690842,804.2034,135,61
-2.74858697998065,3.49046326725188,1.96506224084895,804.236766666667,135,61
-2.7465705620596,3.48843885325143,1.9697521974065,804.270133333333,135,61
-2.75103682797209,3.4904731392915,1.97404836834171,804.3035,135,61
-2.75094022085844,3.48658177383908,1.97824418904008,804.336866666667,135,61
-2.75463330085897,3.49042851893957,1.98345796495642,804.370233333333,135,61
-2.73243128303273,3.39118422961696,2.00437063770354,804.770633333333,136,61
-2.73243819555406,3.38940736740138,2.00776474206444,804.804,136,61
-2.73011844949587,3.3843245410873,2.01089583041892,804.837366666667,136,61
-2.72967651634839,3.38026533939025,2.01489808232999,804.870733333333,136,61
-2.74257373596778,3.39038746714636,2.02244320067195,804.9041,136,61
-2.71916044566043,3.36662034581888,2.01623632005235,804.937466666667,136,61
-2.72414529468618,3.37162411223791,2.0219908238095,804.970833333333,136,61
-1.89020664578124,2.02201878150829,2.0720831644737,812.077933333333,137,62
-1.89556648444324,2.02379409949197,2.07971299930835,812.1113,137,62
-1.89002282587982,2.01759672404906,2.08031891986122,812.144666666667,137,62
-1.88844561957515,2.01572046383529,2.08490311881119,812.178033333333,137,62
-1.87742103821382,2.00657547706032,2.08276754500231,812.2114,137,62
-1.87648563798718,2.00711103281943,2.08736897008197,812.244766666667,137,62
-1.87408498099687,2.00795952995487,2.09015925795255,812.278133333333,137,62
-1.86520485405368,2.00517134579155,2.08941271765147,812.3115,137,62
-1.78174253656737,1.98682021794595,2.09962486965489,812.7119,138,62
-1.77579443111874,1.98523826337135,2.09923408335878,812.745266666667,138,62
-1.7728268296469,1.98739921790052,2.10136659731271,812.778633333333,138,62
-1.7701980869714,1.9853018148089,2.1036103438519,812.812,138,62
-1.75940767249122,1.97806472109102,2.09937029377129,812.845366666667,138,62
-1.75590639966958,1.97632044987384,2.10271937364237,812.878733333333,138,62
-1.75034078717254,1.97214567278824,2.10154231856928,812.9121,138,62
-1.74717384357627,1.96933264450206,2.10223138562641,812.945466666667,138,62
-1.66715798298644,1.93275124403659,2.10771922963345,813.279133333333,139,62
-1.67031964317524,1.93761144702496,2.11563180784784,813.3125,139,62
-1.66051924394269,1.93514966259493,2.11771098308593,813.345866666667,139,62
-1.65005255167643,1.93397611968724,2.11798314532258,813.379233333333,139,62
-1.63953375382826,1.93149604504153,2.11749659468887,813.4126,139,62
-1.63065301203677,1.92890136972192,2.11656378747877,813.445966666667,139,62
-1.62602751599229,1.92948435567258,2.11987006745492,813.479333333333,139,62
-1.62086556496665,1.9295797967198,2.12297194483196,813.5127,139,62
-2.2968240967974,0.0252783787606027,1.7379814449214,820.953466666667,140,63
-2.31762374097407,0.0240707004158675,1.74238166262891,820.986833333333,140,63
-2.32152854734312,0.0245292332622952,1.73916455711889,821.0202,140,63
-2.33645143544126,0.0236612587323345,1.74109386074435,821.053566666667,140,63
-2.34854154168377,0.0246738986072216,1.7427800651275,821.086933333333,140,63
-2.34970557973227,0.0248463309662145,1.74054088512374,821.1203,140,63
-2.46758715830142,-0.0152654204335062,1.75053986225209,821.554066666667,141,63
-2.47696908440996,-0.0189110771369086,1.75095491747209,821.587433333333,141,63
-2.47915571670233,-0.0211326171881905,1.75032381103773,821.6208,141,63
-2.49584278109466,-0.0236494164083055,1.75546660276568,821.654166666667,141,63
-2.49604883761357,-0.0252471489896762,1.75527901768388,821.687533333333,141,63
-2.50073483539842,-0.0266576693498591,1.75600443027443,821.7209,141,63
-2.51498762395406,-0.0265054677126145,1.75973091263208,821.754266666667,141,63
-2.56194033830028,-0.0288930639298043,1.77228417208868,822.154666666667,142,63
-2.5619030059037,-0.0288716368861525,1.77333757922158,822.188033333333,142,63
-2.56181555718394,-0.0289141217455782,1.77240890526135,822.2214,142,63
-2.57039825709277,-0.0305352421003579,1.77428803859788,822.254766666667,142,63
-2.5704869362617,-0.0305501929365646,1.77308004848106,822.288133333333,142,63
-2.57023593973274,-0.033244437443578,1.77092009512526,822.3215,142,63
-3.51903246961837,2.44649724888884,2.26418685948779,835.000833333333,143,64
-3.52417344543528,2.44851352965111,2.26424823071368,835.0342,143,64
-3.52025493459325,2.44277779411121,2.26072626996267,835.067566666667,143,64
-3.56425385039822,2.46266759861306,2.27512198122081,835.100933333333,143,64
-3.56547635375454,2.45890526040031,2.27162895310523,835.1343,143,64
-3.8157910114995,2.59810841549788,2.35671749451109,835.601433333333,144,64
-3.85528245139628,2.61598135532136,2.37245203553345,835.6348,144,64
-3.84501947157192,2.60728481378601,2.36860736033949,835.668166666667,144,64
-3.84700584411482,2.60835418113272,2.37062229508318,835.701533333333,144,64
-9.01904183958112,3.60408614437806,1.70242122710778,849.782266666667,145,65
-2.57807034732701,3.77848853958975,0.411956866801091,850.2494,146,66
-2.56826104227599,3.76569364188949,0.414152929929945,850.282766666667,146,66
-2.56067986709526,3.7558691861195,0.413771652014979,850.316133333333,146,66
-2.56067986709526,3.7558691861195,0.413771652014979,850.3495,146,66
-2.57090370807382,3.76916231541932,0.414964386684625,850.382866666667,146,66
-2.57011033058097,3.76528009769549,0.415444028022498,851.2504,147,66
-2.58606143188441,3.78377836654467,0.413226355998445,851.283766666667,147,66
-2.58436369526936,3.77956609302065,0.413455322948181,851.317133333333,147,66
-2.58410942322212,3.77925350912415,0.414703898663554,851.3505,147,66
-2.57782292668952,3.77299849300842,0.414643930079666,851.383866666667,147,66
-2.58429674430183,3.77948294199146,0.413829396760211,851.417233333333,147,66
-7.7405046243637,0.191951361437529,2.07966725514505,857.790266666667,148,67
-7.70786633106803,0.173297030093298,2.08306814584217,857.823633333333,148,67
-7.71799048308018,0.16222839870732,2.09516923210465,857.857,148,67
-7.64678370659107,0.149329195120836,2.09112018153818,857.890366666667,148,67
-7.67477049174884,0.132395573126094,2.10486678167849,857.923733333333,148,67
-7.65468632900852,0.123267045046278,2.10796401493013,857.9571,148,67
-7.63498389476532,-0.081978972189252,2.17892903908359,858.424233333333,149,67
-7.55428719004341,-0.120671791493389,2.18407234200465,858.524333333333,150,67
-7.64738087081119,-0.13748071983467,2.20686611487971,858.5577,150,67
-7.52839601044168,-0.33502964821539,2.29875214320338,859.0582,151,67
-7.59595565710549,-0.349737199446515,2.32054638098688,859.091566666667,151,67
-7.53937577691737,-0.356559355689591,2.31937111505071,859.124933333333,151,67
-6.25086725145087,-5.31216042006436,2.4616068313452,866.7659,152,68
-6.21653083891083,-5.29809647883937,2.45584314389835,866.799266666667,152,68
-6.20398106688215,-5.30324014071659,2.45814841280425,866.832633333333,152,68
-6.20762919552469,-5.31964823077752,2.46499141685319,866.866,152,68
-0.944944804528045,-6.0026655617203,0.906459125906432,879.5787,153,69
-0.984128263688804,-6.17359655537196,0.917279081358763,879.612066666667,153,69
-0.963166159784475,-6.11414315675953,0.916776663891041,879.645433333333,153,69
-0.908608558597325,-6.24228573482212,0.964263734373922,880.312766666667,154,69
-0.904071998966298,-6.22603018645308,0.96423822512648,880.346133333333,154,69
-0.872270651639992,-6.27341772032813,1.05056425470138,880.88,155,69
-0.867353061144493,-6.25202266151745,1.05293843684264,880.913366666667,155,69
3.4732693863773,-6.77432025521581,1.36353975428334,890.1893,156,70
3.53762231396347,-6.90371903179782,1.37811968732344,890.222666666667,156,70
3.51523783257672,-6.8112957930102,1.37623140137389,890.256033333333,156,70
3.60520115120581,-6.86141220466173,1.51855097469842,890.856633333333,157,70
3.56959436002714,-6.78639001275966,1.51310003448487,890.89,157,70
3.58992982496186,-6.85778649898968,1.53273686224249,890.923366666667,157,70
3.56604816913221,-6.80546754533333,1.5248071896644,890.956733333333,157,70
-1.8868678413706,10.9264455710532,0.275217200094093,994.2933,158,71
-1.8868678413706,10.9264455710532,0.275217200094093,994.326666666667,158,71
0.687646678085762,0.0430487385774138,0.867604403600834,1018.45076666667,159,72
0.650382205815365,0.0459445176981385,0.855538167712562,1018.45076666667,159,72
0.509776814061052,0.247597547791854,0.941701342221674,1018.45076666667,159,72
0.688546011916924,0.0393503603495929,0.864305241268516,1018.48413333333,159,72
0.651083199128462,0.0431034177842379,0.852432304520042,1018.48413333333,159,72
0.509399253473281,0.244065398741122,0.939118745512539,1018.48413333333,159,72
0.846733112901905,0.0131887182164182,0.596126794953075,1018.55086666667,160,72
0.513599551494098,0.235713488453455,0.931882135600735,1018.55086666667,160,72
0.466313986802555,0.166659678831453,0.993752632819424,1018.55086666667,160,72
0.481242770795389,0.14810097311935,1.02428212983807,1018.55086666667,160,72
0.481230234277195,0.113581333831744,1.02777665113962,1018.55086666667,160,72
0.856784353626724,0.0954195049642588,0.0309442671047722,1018.55086666667,161,72
0.844125036799982,0.0153302489590182,0.592551303289519,1018.58423333333,160,72
0.722105005165588,0.0946708189211303,0.832518094329756,1018.58423333333,160,72
0.697473071212332,0.033359615811965,0.85977188565306,1018.58423333333,160,72
0.687559284345684,0.0881117535733841,0.819507792845246,1018.58423333333,160,72
0.654435517252628,0.0293395510175579,0.838004046199515,1018.58423333333,160,72
0.473806051762797,0.1278430802079,1.02325014187431,1018.58423333333,160,72
0.85657576836005,0.0958043950968326,0.0319421848410028,1018.58423333333,161,72
0.722337967346422,0.0988419375824768,0.833035624040955,1018.6176,160,72
0.693801170324945,0.0347613158141266,0.853231399432585,1018.6176,160,72
0.686973656840766,0.0824836106058681,0.816234595576485,1018.6176,160,72
0.654537315446796,0.0263755087127246,0.833455847212592,1018.6176,160,72
0.464405974643224,0.125345704009373,1.01357118338372,1018.6176,160,72
0.509539682864134,0.233599687886067,0.922917871627874,1018.6176,160,72
0.846504498709803,0.29285454734488,0.360036400306705,1018.68433333333,162,72
0.691242407076519,4.39554971664036e-05,0.82082681075773,1018.68433333333,163,72
0.65616687617173,0.0107337883572632,0.811916483257554,1018.68433333333,163,72
0.508287477241215,0.221112648025852,0.904593229159811,1018.68433333333,163,72
0.466154798535136,0.108591682051841,0.988912047128437,1018.68433333333,163,72
0.841628261434346,0.317529145572185,0.446189488081595,1018.7177,162,72
0.723057134240619,0.0721308505803208,0.794704534922938,1018.7177,163,72
0.694630794422109,0.00303409017986278,0.81711905990235,1018.7177,163,72
0.686954976983833,0.0661087664956826,0.787367965219147,1018.7177,163,72
0.605917510485985,-0.00387217986187949,0.803443714289041,1018.7177,163,72
0.50454400522752,0.218968899815663,0.896571261916124,1018.7177,163,72
0.508725472981767,0.218312539228346,0.891578525883585,1018.75106666667,163,72
0.470651528491257,0.134737419500875,0.948142081531842,1018.75106666667,163,72
