5.04535883024261,4.35628291004066,0.248932828853625,83.6168666666667,1,1
4.99433383530736,4.31002692681336,0.251336342469335,83.6502333333333,1,1
-4.42991672413873,7.04233200564159,0.270961155447203,83.6836,2,2
-4.49032617290321,7.10819744223498,0.26027539851597,83.7169666666667,2,2
-3.21844489924272,9.99102006682394,0.532682202136334,88.2214666666667,3,3
-3.28861008329016,10.1635466163107,0.53058751322878,88.2548333333333,3,3
3.24346515635653,5.20496906676367,0.5125115702006,177.5774,4,4
3.21788042682739,5.16559653136566,0.507748724990761,177.610766666667,4,4
-0.222889384636357,8.68444289656939,1.8452812422428,192.158633333333,5,5
-0.222329980962525,8.6782203347785,1.85583306841037,192.192,5,5
-0.21896561008736,8.63591269400567,1.86083592486153,192.225366666667,5,5
-0.219943850152781,7.06264947018176,0.985915786235973,195.662133333333,6,6
-2.86804608580156,4.86057097402167,0.747939565403614,198.231366666667,7,7
8.64983209968089,0.804230452643885,2.34401670537852,203.536666666667,8,8
8.60338391646613,0.875991560021427,2.31190416522296,203.570033333333,8,8
8.40651927553793,1.99085671122929,2.10075052085345,203.937066666667,9,9
-7.51542364883489,-2.56039049257234,3.54253029291166,308.875233333333,10,10
-7.4868901859617,-2.5469595300491,3.56293491300359,308.9086,10,10
-7.53684375204265,-2.55197191209518,3.61144730584282,308.941966666667,10,10
-1.92019487009053,8.27302782124593,0.515535282565045,310.543566666667,11,11
-6.37809956509212,-1.72508559676358,2.70232867593709,312.6123,12,12
-6.32289947060413,-1.71720223462114,2.63486869387258,312.645666666667,12,12
3.02719327817512,-6.22192378976784,1.75877000330237,321.321,13,13
9.14046341757127,1.10284376763749,1.97943731148252,353.019333333333,14,14
9.05215700030017,1.11755088740577,1.96849945671122,353.0527,14,14
9.11609986891459,1.15434933050872,1.97907741555236,353.086066666667,14,14
0.0400106148842815,7.40559855319642,1.1712765395359,354.620933333333,15,15
0.0364202305048661,7.39537474486843,1.19250083049361,354.6543,15,15
2.00386733870161,-6.86356291207979,1.57007780044567,360.927233333333,16,16
1.99978532142035,-6.90555261783777,1.58202764844525,360.9606,16,16
2.01048902919754,-6.97469353835882,1.59426813766737,360.993966666667,16,16
5.54805864965924,6.36275332721073,1.20102719971425,366.733033333333,17,17
5.51076774695885,6.2880926033277,1.18309243424721,366.7664,17,17
5.60909635663299,6.38033880260966,1.17676128826262,366.799766666667,17,17
6.98165751149109,5.58653543334558,0.766284562833576,368.634933333333,18,18
-4.96453040733977,1.84161714702428,0.593207712798762,382.348633333333,19,19
-5.0098283272361,1.83840414339859,0.589591383433608,382.382,19,19
-4.38532496489608,1.07225949125942,1.08961652929714,386.619566666667,20,20
0.079776309556879,-1.00630870717271,1.81473033254769,391.124066666667,21,21
0.1061793525131,-1.01693196240118,1.81205939805806,391.157433333333,21,21
0.139860819579653,-1.03091642301277,1.80877327145779,391.1908,21,21
0.171863047909785,-1.04343826249649,1.80886075336018,391.224166666667,21,21
0.200004482198011,-1.05063682609051,1.80782048644852,391.257533333333,21,21
0.227213655006993,-1.05533025760559,1.80470183345283,391.2909,21,21
0.25223852075359,-1.06093713943808,1.80500141747173,391.324266666667,21,21
0.277464747359093,-1.06170892451087,1.79889082528208,391.357633333333,21,21
0.29883311380224,-1.06475218633956,1.79705718355609,391.391,21,21
-4.96760745445635,-2.81691904460562,1.05549331367342,399.432366666667,22,22
-3.229671269674,-2.42766842097445,1.1679812925252,405.0046,23,23
-3.2198880867948,-2.42734197153168,1.17570905814907,405.037966666667,23,23
-3.49730227932836,1.05013009059344,0.340874657997834,412.378633333333,24,24
-3.50334852670474,1.06505632228052,0.353130048216078,412.412,24,24
-3.48603990013639,1.07346215800832,0.367764871540541,412.445366666667,24,24
-3.50233756415414,1.09023083929516,0.383523072581844,412.478733333333,24,24
4.71387782829007,4.50044730586644,0.239225089645175,416.149066666667,25,25
-2.11997641763286,-0.270842039515088,0.781916181594248,419.152066666667,26,26
-2.46879645021003,5.32335419899292,-0.184822731811629,426.1257,27,27
-2.43241131172016,5.25938050200344,-0.172625456986793,426.159066666667,27,27
-2.43147769438602,5.25773888547521,-0.170188782003999,426.192433333333,27,27
-2.47531689232391,5.2548084917013,-0.073452923001201,454.020233333333,28,28
-2.48355950421812,5.27053001960617,-0.0761180126831541,454.0536,28,28
-10.329129751553,0.774356310190818,2.24494284367691,499.966133333333,29,29
1.06910677531425,-0.0521306481784786,3.04677127021936,505.371533333333,30,30
1.12182439521666,-0.0446837457609253,3.08921454929712,505.4049,30,30
1.17461793143819,-0.0314236092469192,3.12380964322227,505.438266666667,30,30
1.22658818608009,-0.0146800698734589,3.15312590547883,505.471633333333,30,30
1.27644915815605,0.00648567122865862,3.18953363891414,505.505,30,30
1.32328946675446,0.029400587053934,3.22289136299161,505.538366666667,30,30
1.36960830314717,0.0551992832324292,3.2594511921351,505.571733333333,30,30
1.41600140573165,0.0870132358046948,3.29353051510934,505.6051,30,30
1.46089246042136,0.124928540805366,3.3284616842294,505.638466666667,30,30
1.50165866494173,0.165729121610725,3.36556868373297,505.671833333333,30,30
1.54037858902229,0.209829983000457,3.40600471103881,505.7052,30,30
1.56713124681456,0.251570098402824,3.43271009727426,505.738566666667,30,30
1.58915601058464,0.297298392809009,3.46528655896755,505.771933333333,30,30
1.60219740671949,0.332964406998087,3.49350464210604,505.8053,30,30
-6.4446530278354,-0.62525045537291,1.26401024846112,513.346166666667,31,31
-5.25026745683547,0.220546952582717,0.426612211134694,542.9424,32,32
-5.25114220424858,0.22357328005524,0.438349050314027,542.975766666667,32,32
0.0483481128737294,5.42115887738073,0.462863311355032,558.591366666667,33,33
-0.00365586360469461,5.53743587059564,0.478030922280619,558.624733333333,33,33
-4.69473440917213,0.0632325680703666,1.85531736131654,566.3658,34,34
0.398297342707693,0.8504733230808,0.330556191808757,570.236333333333,35,35
0.384409030004464,0.839714832532097,0.33683833786662,570.2697,35,35
0.371562782488128,0.836668851026573,0.341839235580034,570.303066666667,35,35
0.360770602109641,0.837140937459049,0.348989454502981,570.336433333333,35,35
0.355326833444339,0.83892797848393,0.359697995388514,570.3698,35,35
0.359371520165296,0.846333989646236,0.370566986661487,570.403166666667,35,35
0.370821220486451,0.860615796384155,0.379791442118424,570.436533333333,35,35
0.407461118896513,0.921143229025503,0.391096485359021,570.503266666667,36,35
0.426212384774079,0.921623847186246,0.402306969819874,570.536633333333,36,35
0.443592196144534,0.938316870022196,0.409199186925223,570.57,36,35
0.457763922330581,0.96275596134478,0.412871896292992,570.603366666667,36,35
-6.4026588499308,1.92506097003092,1.74859789497737,632.465166666667,37,36
-6.39006609535817,1.94373343697012,1.75823772063365,632.498533333333,37,36
-3.31092087201457,-10.898084814231,2.32814428780842,633.966666666667,38,37
1.70498437115102,4.20993448844935,0.9841476507163,637.670366666667,39,38
1.70514426359027,4.19874225652838,0.994559131802491,637.703733333333,39,38
0.730990340573384,3.47163609234137,2.65823099573825,640.906933333333,40,39
0.73352187566886,3.46376838554305,2.6620920152945,640.9403,40,39
0.737128837185595,3.46034335611764,2.67180000158347,640.973666666667,40,39
2.09030193592951,3.13344521440111,1.93212673521628,644.410433333333,41,40
2.10219914258824,3.13741643932105,1.93091079239762,644.4438,41,40
2.50226418926747,3.85658249951134,0.859642688831877,648.581266666667,42,41
2.49848004974207,3.86414296923103,0.857530449589182,648.614633333333,42,41
2.48669280660811,3.85905300394489,0.85350128460755,648.648,42,41
-10.548506863795,2.22460832484011,0.295134412994653,653.2526,43,42
-5.86937278684075,0.423305392315397,0.663972203355679,676.0754,44,43
-5.88975167449888,0.43209943559943,0.660314096557178,676.108766666667,44,43
-3.18034205553091,-2.49691444905317,0.681541254634858,681.247233333333,45,44
-3.18034205553091,-2.49691444905317,0.681541254634858,681.2806,45,44
-3.1781063639192,-2.49712615724635,0.681634457087053,681.313966666667,45,44
-3.84291063745147,-2.05463708302527,1.40764901520745,683.149133333333,46,45
-3.82488512935343,-2.07273174551763,1.42523457675096,683.1825,46,45
-3.81820072729555,-2.09281833499055,1.44566487232432,683.215866666667,46,45
-3.79442363512008,-2.10079449280016,1.45678740927037,683.249233333333,46,45
-3.78093287023552,-2.11277601413243,1.47784425202307,683.2826,46,45
-5.08467890113192,-0.471460945319664,0.67137992843269,683.349333333333,47,46
-5.08450954072399,-0.46754887565665,0.680273873347555,683.3827,47,46
1.28290078289386,-4.13130770748776,1.99364763184733,692.058033333333,48,47
-0.829755703396018,-2.78452907437779,0.825874050288674,693.826466666667,49,48
-0.832736212366488,-2.79156026589467,0.826451724555542,693.859833333333,49,48
-0.825789134377221,-2.7790760698546,0.826606499314453,693.8932,49,48
-3.42837444270245,-9.24026422768537,2.42013117469263,697.530166666667,50,49
-3.32084959823603,-8.97888995392469,2.35885735419156,697.563533333333,50,49
-3.07466951025435,-6.69019013705948,1.62867830757125,701.8011,51,50
-2.93445576306298,-6.42494432647508,1.58907743800772,701.834466666667,52,50
-3.2175260715185,-5.76261479629544,1.79000351569734,703.8031,53,51
-3.20282609599652,-5.68994987172755,1.77333408768589,703.836466666667,53,51
-3.25728647239438,-5.72966717821163,1.77814540291626,703.869833333333,53,51
-7.23160919305898,-3.59071515395099,2.27700048675212,705.971933333333,54,52
-4.56910845323641,-4.89554835634878,1.50687164035457,707.873833333333,55,53
-4.6043889703256,-4.95496151478531,1.5177185157838,707.9072,55,53
-4.54607127332025,-4.93029149047332,1.5151147313803,707.940566666667,55,53
8.05603717763842,-8.20018424980663,2.10798748171682,714.280233333333,56,54
-0.948536002504173,-2.98866675887885,1.04718940962451,725.1244,57,55
-1.0723524116535,-2.91081230835305,1.29296836890936,726.592533333333,58,56
-1.06158652650027,-2.89360037847956,1.29234318713106,726.6259,58,56
-1.04927058779976,-2.87603138994218,1.29205060771139,726.659266666667,58,56
-1.04729477860443,-2.87632234977418,1.29686409475769,726.692633333333,58,56
-1.04643291719555,-2.87942406720488,1.30128398213348,726.726,58,56
-2.74975130324161,0.426435101377051,1.16239513703812,727.493433333333,59,57
-0.977340173638815,-2.55765012254264,1.34021472220818,728.461066666667,60,58
-0.983529165776202,-2.55561342019041,1.34283157311144,728.494433333333,60,58
-0.98259595757112,-2.53874683129938,1.34171960068662,728.5278,60,58
-0.988151255270743,-2.5324457247172,1.34506775425276,728.561166666667,60,58
-0.981224526767757,-2.50752651603057,1.34271377235691,728.594533333333,60,58
-3.70883067226171,-0.46233591116872,1.97994873360438,730.062666666667,61,59
-3.74472095036784,-0.47193921691534,1.99062535524887,730.096033333333,61,59
-3.77692379997747,-0.482568732752856,2.00412186932615,730.1294,61,59
-3.7863950889961,-0.491956670524849,2.01109314439973,730.162766666667,61,59
-1.22515505501296,-1.34013637409731,1.40259042520175,733.799733333333,62,60
-1.22385904019672,-1.31368079452751,1.40556855356109,733.8331,62,60
-1.23083830249124,-1.28810139504592,1.41374399016034,733.866466666667,62,60
-1.22774014014781,-1.25531271651594,1.41796725158386,733.899833333333,62,60
-1.22965305262552,-1.22670392852957,1.42436260099187,733.9332,62,60
-1.22961786258604,-1.19700908362653,1.43010565433763,733.966566666667,62,60
-1.08352663070677,0.140267610953926,1.49656225326055,735.668266666667,63,61
-1.07509860665226,0.152232250422153,1.49602974086167,735.701633333333,63,61
-1.066231139676,0.168864623813054,1.49549856333228,735.735,63,61
-1.0604944260995,0.185845777285794,1.49708640615881,735.768366666667,63,61
-1.05356832871686,0.201832573013739,1.49659212747562,735.801733333333,63,61
-1.04336527852917,0.214014097242567,1.49351191192855,735.8351,63,61
-0.232687226272926,-0.0710123706892499,0.39072337458595,737.603533333333,64,62
-0.237227279765807,-0.0694625307900859,0.39235650241136,737.6369,64,62
-0.240179296638414,-0.0674946139255003,0.394488941351832,737.670266666667,64,62
-0.242692899802471,-0.0649766908033972,0.396404029528385,737.703633333333,64,62
-0.244110538371718,-0.0640314719126648,0.396359534045145,737.737,64,62
-1.18732715545597,-4.73064796125928,2.34998758642932,744.009933333333,65,63
-1.18060301377341,-4.69385084004387,2.33734637611446,744.0433,65,63
-3.700652387563,-5.38375603457312,2.92406362800092,746.979566666667,66,64
-3.68711278775257,-5.34526706472152,2.93542962645939,747.012933333333,66,64
-0.238911411246234,-0.0819851320418729,0.433347256636,755.888466666667,67,65
-0.238714030629795,-0.0820106895529763,0.433548145004671,755.921833333333,67,65
-0.239279552242849,-0.0818670030342815,0.433579420866347,755.9552,67,65
-0.239790973609847,-0.0812735864523303,0.433776975823768,755.988566666667,67,65
3.30960316505869,3.5548598925912,1.31100883966177,758.023933333333,68,66
3.31148965002781,3.52403019302642,1.31043076136793,758.0573,68,66
-9.01646732137787,0.624516344407652,0.615512305101037,774.8741,69,67
-0.21763614557604,4.93362343957137,1.37512993362768,800.2995,70,68
1.91274768796118,6.40071099543868,1.88505878267355,800.866733333333,71,69
1.93666636754022,6.44737485631468,1.88612774264994,800.9001,71,69
1.94947692559447,6.46867185479732,1.88486566636531,800.933466666667,71,69
2.15667183159605,3.06272589113466,1.40880475225374,803.9031,72,70
1.01559674051396,5.99314698830098,2.12364114901815,804.436966666667,73,71
1.01333947667408,6.05914480133235,2.13941431919202,804.470333333333,73,71
3.07712339978955,0.596696327007587,1.61692464149543,806.806,74,72
-4.44639498070801,0.575453748986784,1.83355590046881,807.239766666667,75,73
-4.44051394043802,0.560164256928908,1.83810335782989,807.273133333333,75,73
-4.44193410851178,0.542518200529866,1.84415074014345,807.3065,75,73
-4.42941880903262,0.524509999522431,1.84702953830075,807.339866666667,75,73
-4.43542733574469,0.509150380722707,1.84997616527502,807.373233333333,75,73
2.05021686780445,7.49806333487071,0.849714906285769,810.876733333333,76,74
2.48478790695693,1.55340683663951,1.68563975037173,811.4106,77,75
2.49762163855721,1.57111900951469,1.67989351253051,811.443966666667,77,75
2.5154930089089,1.59760253600913,1.66550182802251,811.5107,78,75
5.14079683835426,-0.213782877293302,1.39018760431577,820.953466666667,79,76
5.12748097606375,-0.225909881952475,1.38369672030282,820.986833333333,79,76
5.13499785103803,-0.239179788049319,1.38525139909759,821.0202,79,76
5.11384301199006,-0.248373284563488,1.37997925744753,821.053566666667,79,76
5.12033292737445,-0.262809399340949,1.37991358378472,821.086933333333,79,76
4.49461602766642,5.13469910658593,0.204120171690981,821.687533333333,80,77
-0.201113128595819,-0.141723736922408,0.356347338132446,828.460966666667,81,78
-0.200761498105077,-0.141957287994841,0.356395647002486,828.494333333333,81,78
-7.43871419223655,3.97324020837707,0.267595268344311,848.480966666667,82,79
-7.49369923333207,4.0036450825586,0.264837751108957,848.514333333333,82,79
-0.077192927774078,-0.0633975847769787,0.354157996187104,874.506966666667,83,80
-0.0769748672418741,-0.0635153001472226,0.353953150897592,874.540333333333,83,80
-0.0771131535215549,-0.063393112086313,0.353903485458024,874.5737,83,80
-0.0772390147560099,-0.0616681628952802,0.353895441074169,874.607066666667,83,80
-0.719408254663706,-0.166868162945856,2.46027680073302,881.2804,84,81
-0.709782228305806,-0.180124611715897,2.46914560204075,881.313766666667,84,81
-0.695659766747566,-0.19574789972215,2.47612778267699,881.347133333333,84,81
-0.680625174413997,-0.21132898522292,2.48460043904437,881.3805,84,81
-0.664370654789665,-0.227312782797209,2.49384406118213,881.413866666667,84,81
-0.645963937731651,-0.242240443665205,2.50333412742914,881.447233333333,84,81
-0.62583442815417,-0.255860150824999,2.5142579331251,881.4806,84,81
-0.604576349749274,-0.269276537905079,2.5256590139697,881.513966666667,84,81
-0.582210466580168,-0.282203446161038,2.53668205142923,881.547333333333,84,81
-0.558344317207494,-0.295962556065671,2.54722590733441,881.5807,84,81
-0.536305673519959,-0.312115408338316,2.55743698101185,881.614066666667,84,81
-0.516282558521936,-0.330707591698007,2.5693191742156,881.647433333333,84,81
-0.495807808260722,-0.350345111588633,2.57765063711111,881.6808,84,81
-0.478931112735722,-0.370500100015732,2.58881252070982,881.714166666667,84,81
-0.088099544960922,-0.0709984449208211,0.395424569526628,886.318766666667,85,82
-0.087850863263462,-0.0707178232958929,0.395385854156238,886.352133333333,85,82
-0.0877385754037144,-0.0705515147033656,0.395516373301101,886.3855,85,82
-0.0881848575916848,-0.0705164245695961,0.395220392729199,886.418866666667,85,82
6.48283902001228,4.61500667601796,1.20011738364746,887.152933333333,86,83
0.0577777688105618,-0.254296508590579,0.39744059767695,912.4115,87,84
0.057965107516098,-0.254283671668821,0.397561370007553,912.444866666667,87,84
-5.01378565197616,-1.19003960224396,1.16876794983454,925.7248,88,85
-5.00621099627109,-1.22072523760916,1.16024215840483,925.758166666667,88,85
-0.0915765524384334,1.99039392754745,1.60040909859307,975.3744,89,86
-0.12850027983707,1.92017563425435,1.60216911913951,975.407766666667,89,86
-0.204527573395943,1.91423486526245,1.65079784152198,975.441133333333,89,86
-0.199963881694595,1.80357232937407,1.61824420855356,975.4745,89,86
0.499816704797642,8.96382186141789,0.572247098632147,976.6757,90,87
0.438075205790733,8.62273733327337,0.56959567175152,976.709066666667,91,87
0.132443325561002,-1.10027373295873,2.18856258537054,978.043733333333,92,88
0.123194987768109,-1.11499207814069,2.20380022494724,978.0771,92,88
1.17154823864112,-4.12699100257493,1.78647209258751,993.258933333333,93,89
1.12171932742425,-4.10889866241886,1.78280872723658,993.2923,93,89
-0.070302735538185,-0.516402650808428,0.265655592646721,1011.44376666667,94,90
-0.071014672334758,-0.516210089448811,0.26644548777963,1011.47713333333,94,90
-0.0709578049614962,-0.516548021437634,0.266205627733,1011.5105,94,90
-4.07384223295631,-14.9246794696728,2.23511258310579,1012.34466666667,95,91
-3.88950804405015,-14.3383748767563,2.16965961986587,1012.37803333333,96,91
-3.87260331237899,-14.283245037972,2.16088456637256,1012.4114,96,91
-8.0266880222821,0.477509616661248,0.62211845790849,1023.28893333333,97,92
-0.0979427385658386,-0.539585776621958,0.373848926201377,1032.19783333333,98,93
-0.0984817584218024,-0.539959025481674,0.373471979709455,1032.2312,98,93
6.90359092991713,0.169936878709363,1.46754307423574,1050.5495,99,94
-9.03347054022716,0.889406452560471,1.25860922624249,1065.93153333333,100,95
-8.88641548354514,0.880539483453026,1.25387721460832,1065.9649,100,95
-5.06678357182544,7.37748659737862,0.656130576876685,1068.00026666667,101,96
-7.88074708904766,-0.352986863416435,1.80237943055735,1071.07,102,97
-7.8277222361377,-0.336734043528382,1.79541072300815,1071.10336666667,102,97
-0.112418013727697,-0.537358799516887,0.427583242264894,1071.53713333333,103,98
-0.112003195678917,-0.537475764650746,0.427524654436241,1071.5705,103,98
-0.112762117346602,-0.537632300312115,0.427551416310677,1071.60386666667,103,98
-0.112434983965202,-0.537177967755487,0.427246577144431,1071.63723333333,103,98
-0.112195126794166,-0.536834315717109,0.42725926828726,1071.6706,103,98
-5.68289312279547,-0.416368535916421,1.56858557737209,1073.20546666667,104,99
-5.65341766420498,-0.419257774836905,1.55532951741174,1073.23883333333,104,99
-3.87339601221199,2.35669996258021,1.38274714223272,1074.7737,105,100
-5.47949485137468,-1.39786070315022,1.48107479886914,1077.10936666667,106,101
-4.02098142983616,6.9703480311624,0.129152706030499,1077.60986666667,107,102
-5.66271268319831,-1.14030322076809,1.32813387987928,1078.9779,108,103
-5.65102010040629,-1.13037405211139,1.32024592875514,1079.01126666667,108,103
-6.74456797980428,0.915512052931791,1.4215089487819,1083.21546666667,109,104
-6.72090755932956,0.92563145404929,1.41074860600473,1083.24883333333,109,104
-6.70904708248363,0.93764785690644,1.39699219423099,1083.2822,109,104
-6.65668096799237,0.945833271709059,1.38205510590853,1083.31556666667,109,104
-3.08903845964079,4.2198267805392,1.07071747390841,1086.05163333333,110,105
-3.1769710630432,4.22935297333003,1.08797988500247,1086.085,110,105
-3.12162920947579,4.08458462656175,1.09134985654382,1086.11836666667,110,105
-3.201418176863,4.09428743739952,1.10931183926912,1086.15173333333,110,105
-1.05702154828867,-0.869801962436,1.32514915889661,1088.1871,111,106
-1.03259047046495,-0.888015287657567,1.34127255192422,1088.22046666667,111,106
-1.00683030168823,-0.910737782845384,1.36110271564692,1088.25383333333,111,106
-0.837833421217481,-1.06426183886262,1.48249944379058,1088.4874,112,106
-0.801296054552357,-1.07955675221356,1.49571418952649,1088.52076666667,112,106
-0.789350571646163,-1.10558750858035,1.51514683507156,1088.55413333333,112,106
-0.757620107587394,-1.12131755648182,1.52432943846277,1088.5875,112,106
-3.45381528073793,0.335354683913159,1.29643746572476,1113.54576666667,113,107
4.01122821298309,-4.38852017557212,1.20802278247544,1114.5134,114,108
-0.0813733214449242,-0.546952170403445,0.533732598852893,1126.79233333333,115,109
-0.0811549100292107,-0.546832261676266,0.534455936613591,1126.8257,115,109
-0.081028693414647,-0.54652457431313,0.534733941793341,1126.85906666667,115,109
2.81033347503103,-1.04182650537304,1.80072383614379,1131.69723333333,116,110
2.79814079977603,-1.06802882894379,1.81277702117863,1131.7306,116,110
2.79455735195863,-1.09800629613027,1.82814325728248,1131.76396666667,116,110
0.132744413432711,-0.912111706255239,0.458605227068139,1140.90643333333,117,111
0.132744755020346,-0.911701704453071,0.458828997490699,1140.9398,117,111
0.132605119852627,-0.912066882082762,0.458819938434476,1140.97316666667,117,111
0.133083071957221,-0.912559225273701,0.458538061482439,1141.00653333333,117,111
-3.7873046337401,-1.35841552486933,1.5420552303585,1143.47566666667,118,112
-3.7675011160598,-1.36398349126878,1.54754126478771,1143.50903333333,118,112
-3.70555120690342,-1.35369742812486,1.54547344474403,1143.5424,118,112
-3.59372511887484,-1.36139132124551,1.56593933803939,1143.67586666667,119,112
-3.56807733529354,-1.35850667772271,1.57028666327225,1143.70923333333,119,112
-1.80755884375368,-1.25215078418243,1.68154522165649,1149.4483,120,113
2.93056341607742,-0.33365683456021,1.26406488788941,1151.5504,121,114
-3.50377229320374,1.02811978112426,0.612210276208948,1176.50866666667,122,115
-3.21511863948769,0.550748022489762,0.712193979076301,1179.74523333333,123,116
-3.22134761981951,0.540533638864584,0.714571372351253,1179.7786,123,116
-4.95220882941486,1.78708837527123,2.12167826750278,1181.54703333333,124,117
-4.88998292125143,1.78178469142363,2.12720340195919,1181.5804,124,117
-4.86864977768381,1.78941968026403,2.14587568861284,1181.61376666667,124,117
-4.80238407018574,1.79746103070658,2.17251048440233,1181.6805,125,117
-4.77447521959197,1.80315107065733,2.18874242735143,1181.71386666667,125,117
-4.73242746905079,1.80508836962004,2.19663907997471,1181.74723333333,125,117
-4.65511262333642,1.80129269332018,2.23871066342004,1181.84733333333,126,117
-2.20386467617613,3.97103220157066,1.53165350131003,1186.7856,127,118
-2.17958051624748,3.99305403618532,1.51136017726654,1186.8857,128,118
-2.16407605440975,3.98988936233235,1.50867177609774,1186.91906666667,128,118
-1.64506503660179,0.446665622052694,0.683799938865605,1187.15263333333,129,119
-1.63884641029379,0.440605638768961,0.672075548031323,1187.186,129,119
-1.92386103473536,-0.763928372287683,0.806595506005353,1194.56003333333,130,120
-1.92272700134686,-0.786933543730406,0.81754753037342,1194.5934,130,120
3.3724526544185,1.09833885635235,0.53356149715374,1194.76023333333,131,121
3.36911303437395,1.09673347901797,0.534576325538103,1194.7936,131,121
3.37518542395089,1.09960517152332,0.532699691496447,1194.82696666667,131,121
-4.87544432945455,4.97820917216889,0.329854188548719,1198.13026666667,132,122
-4.87055692143466,4.98133205994286,0.328516549199541,1198.16363333333,132,122
2.47370954892088,0.0756831579433231,0.803647868618244,1212.57803333333,133,123
2.46019520055354,0.0593575691384119,0.809798985262104,1212.6114,133,123
2.44801852459216,0.0378259956651289,0.817873253687033,1212.64476666667,133,123
2.43239756034377,0.0149936927543642,0.825604768228543,1212.67813333333,133,123
2.41875913218427,-0.00655923281099724,0.832419918069721,1212.7115,133,123
1.70119292730157,-2.04289514810027,1.54985545840078,1215.0138,134,124
1.68288846698609,-2.05220568287159,1.55356046842051,1215.04716666667,134,124
1.66785027201332,-2.07294253552624,1.5613322605812,1215.08053333333,134,124
3.19716556399564,-2.69761050235689,1.70721393966615,1219.75186666667,135,125
3.18588636318413,-2.64907186325241,1.692632968518,1219.78523333333,135,125
3.20645575706113,-2.63139338641826,1.68800617553969,1219.8186,135,125
4.53368628855495,-0.533773476524805,1.02566416239226,1222.15426666667,136,126
6.976662502732,-8.23199753988366,3.11464918691855,1224.48993333333,137,127
6.97511103557818,-8.24989203277516,3.11961740129455,1224.5233,137,127
-3.68001814239108,-2.1092411575929,1.04561969920131,1227.96006666667,138,128
-2.89703675729954,-2.81595265557193,1.37994078174897,1231.06316666667,139,129
-2.89291428536359,-2.8293553812143,1.38645824724686,1231.09653333333,139,129
-2.70313409488637,-4.0180993670322,1.52228571675419,1233.99943333333,140,130
-1.07111952673818,-6.85140600084172,2.49609450950684,1235.36746666667,141,131
-3.58686421948535,-2.66343206417981,2.77289599966477,1240.87296666667,142,132
-3.57630979775365,-2.62918899105701,2.77603525019653,1240.90633333333,142,132
-3.54728814198051,-2.58326730138716,2.76835072188263,1240.9397,142,132
-3.22600233672634,0.406163938594753,2.49564747456914,1243.27536666667,143,133
-3.25404375290828,0.439586546143056,2.48474575816991,1243.30873333333,143,133
-3.28406558439815,0.471178774524123,2.47563969655833,1243.3421,143,133
-7.09987658417431,4.19608547118199,0.90657507590326,1248.5473,144,134
-6.36216282585958,4.38897437689927,0.117555417045063,1254.8536,145,135
4.07655471456828,-4.70963270442379,1.56402986721646,1258.62403333333,146,136
4.06200063659342,-4.65828534908989,1.55404392999001,1258.6574,146,136
2.90870523029261,-5.78927400370516,1.21079748793187,1261.39346666667,147,137
2.91858911617843,-5.80964479746775,1.21277841122673,1261.42683333333,147,137
2.8846074356098,-5.7313433465669,1.20497372395534,1261.4602,147,137
3.82073656620919,-3.12421347542848,1.52929010340264,1261.6604,148,138
3.82663658289505,-3.10449709963933,1.53132767504857,1261.69376666667,148,138
3.81376527174243,-3.07086259915609,1.53035145019995,1261.72713333333,148,138
1.42605434354208,0.701306644466215,1.02339243849218,1267.29936666667,149,139
1.40291497473114,0.727198332512448,1.02695891085805,1267.33273333333,149,139
1.37489615072709,0.75352103804294,1.02917751003415,1267.3661,149,139
1.35785233840042,0.778936565402451,1.03467631174638,1267.39946666667,149,139
-0.993795433559709,2.15990552634059,0.898487422648207,1269.53493333333,150,140
-1.02773608520869,2.16954881288521,0.905060122539973,1269.5683,150,140
3.19875583397225,-0.245104697584778,2.96180969446517,1278.21026666667,151,141
3.14420958074153,-0.236967097791169,2.95726409035606,1278.24363333333,151,141
3.08303680908907,-0.22516865081504,2.95036679199286,1278.277,151,141
3.02352157861088,-0.213624594186023,2.94471635799423,1278.31036666667,151,141
2.96439802582168,-0.20199932767234,2.93575113762915,1278.34373333333,151,141
2.90790669063196,-0.188502132163665,2.92546606276715,1278.3771,151,141
2.84815526105553,-0.173250451172723,2.91371887082585,1278.41046666667,151,141
2.77587330914714,-0.151777065173941,2.89800511882015,1278.44383333333,151,141
2.71902682066283,-0.134554910840565,2.88593867405034,1278.4772,151,141
2.65919389280771,-0.116912801115492,2.87030225447009,1278.51056666667,151,141
2.59800101320644,-0.0990115207197644,2.85282778231828,1278.54393333333,151,141
2.52122621475323,-0.0726931430760963,2.83502484906823,1278.5773,151,141
2.45325440997734,-0.0493063067340913,2.8156898803299,1278.61066666667,151,141
2.3890117202153,-0.0252334292642901,2.80183152541035,1278.64403333333,151,141
2.29885052475176,0.00832815317621993,2.77605624989513,1278.6774,151,141
2.23275152388787,0.0339471891822186,2.75930976944033,1278.71076666667,151,141
2.17008356785309,0.0592564759671639,2.74739840618441,1278.74413333333,151,141
-3.00953744843683,-6.32308005558089,2.87788640907228,1293.95933333333,152,142
-3.0151354537714,-6.26729149541265,2.8637691858997,1293.9927,152,142
-3.01732417019352,-6.2089504193986,2.85406507047186,1294.02606666667,152,142
-10.0817765329464,-0.101966143645098,4.20453293802783,1309.1078,153,143
-10.0995616820398,-0.0471622819713085,4.24225739068922,1309.14116666667,153,143
-5.23993140585808,-0.00251529256929128,0.871535020534366,1347.9466,154,144
-5.2244786436781,0.00711502176835521,0.890854840949584,1347.97996666667,154,144
-5.23835726580998,0.0169281570790348,0.911443236722895,1348.01333333333,154,144
-6.23936760711028,3.2064968074133,0.995212075343989,1352.91823333333,155,145
-3.42540656138218,4.43125745493932,0.326554315483239,1363.02833333333,156,146
-3.42855349169244,4.43825922166489,0.314960399908846,1363.0617,156,146
-1.43277016111354,6.22384499222015,0.480579093040209,1369.93523333333,157,147
-1.42387058759061,6.23535513479042,0.493119954649816,1369.9686,157,147
4.18922591205973,-5.33230271165398,1.37425794657309,1375.04033333333,158,148
8.73190353800066,-5.82426736138878,2.0734680800491,1393.25853333333,159,149
-4.5409522638866,12.4891108481234,0.125089139115084,1412.17743333333,160,150
2.00293828093621,6.10020505516886,1.00415064397031,1428.69393333333,161,151
2.00879115801538,6.14004757342646,1.02646974784865,1428.7273,161,151
1.98417940773829,6.05512961803927,1.03803957210033,1428.76066666667,161,151
2.57484237742637,4.05277410255059,1.66955430691625,1432.46436666667,162,152
2.58261322574596,4.01248848014434,1.67356993966978,1432.49773333333,162,152
2.58529522640008,3.96846327778544,1.67483582946602,1432.5311,162,152
2.60282423498151,3.94687394116335,1.682123893809,1432.56446666667,162,152
1.73791182718445,-6.19241494503495,1.70882195105105,1440.97286666667,163,153
-5.19389621623596,-0.120423598063419,0.934742268464368,1451.0496,164,154
-5.21298941918342,-0.137810011972294,0.943084893006699,1451.08296666667,164,154
-5.19507577851175,-0.15513788944389,0.949659934028473,1451.11633333333,164,154
3.90182059804349,-7.4055266230524,1.82197902927418,1464.62983333333,165,155
-4.41605001170874,6.36709275728369,0.10015730813557,1465.8644,166,156
-0.0483933113426404,-0.740826325125951,0.958591485958694,1509.64146666667,167,157
-0.0393508393662595,-0.744376209347429,0.971367993219757,1509.67483333333,167,157
-0.0302414904518777,-0.751145280877208,0.986502440935435,1509.7082,167,157
-0.0216704365540951,-0.759321811114961,1.00137044116375,1509.74156666667,167,157
-0.014240385854393,-0.769182468686239,1.01660499560169,1509.77493333333,167,157
9.1275839909192,-0.438103040310755,4.05455947416747,1511.64346666667,168,158
9.02367665203259,-0.480960610692277,4.03922609307744,1511.67683333333,168,158
0.410795029186515,-0.992388349213678,1.66064971190075,1511.64346666667,169,159
0.417464982815261,-0.999977360629125,1.67278932752917,1511.67683333333,169,159
0.42325203286195,-1.00624508680154,1.68386616772493,1511.7102,169,159
0.429083672365355,-1.01012133583083,1.69338545775764,1511.74356666667,169,159
0.433683744180287,-1.01407483046964,1.70222224913583,1511.77693333333,169,159
-0.0860251626744842,-0.746813801404029,1.64838835290045,1516.34816666667,170,160
-0.0837523059206834,-0.727546826031435,1.63911253077027,1516.38153333333,170,160
-0.080168606226749,-0.703335381217284,1.62738100132961,1516.4149,170,160
-0.0752410172378636,-0.678980055914402,1.61618098894868,1516.44826666667,170,160
-0.0700666834960044,-0.655953853775736,1.60647497975207,1516.48163333333,170,160
7.27717239013538,6.86842404703083,1.34485936983439,1517.8163,171,161
-0.0344349141003005,-0.377493322643419,1.22558765463576,1517.98313333333,172,162
-0.0409285163809433,-0.374363438485172,1.21981897123749,1518.0165,172,162
-0.0501301020702994,-0.369908201677723,1.21091094315398,1518.04986666667,172,162
-0.0593440539502643,-0.365260070975448,1.20075055846062,1518.08323333333,172,162
-0.0693538288747663,-0.36101283533437,1.18991084260494,1518.1166,172,162
-0.0793377576815862,-0.357898536759371,1.1795979473621,1518.14996666667,172,162
-0.0885218796915767,-0.356740016267665,1.17028043644823,1518.18333333333,172,162
5.930713373643,-4.79181657634618,1.81021215310475,1518.2167,173,163
5.92362740060141,-4.77849193073225,1.7945433621003,1518.25006666667,173,163
-0.269138154035267,0.48516122487211,1.05225989879649,1520.25206666667,174,164
-0.26826116825662,0.504011146678376,1.05234125953499,1520.28543333333,174,164
-0.268937741745928,0.521656037205634,1.05223954162701,1520.3188,174,164
0.169930619449461,1.19019078244803,1.03317315100814,1521.95376666667,175,165
0.178124745316126,1.20377209946729,1.0390319752256,1521.98713333333,175,165
0.186787929903645,1.21879929753175,1.04676506394562,1522.0205,175,165
0.194301033737271,1.23163271836523,1.05373511500577,1522.05386666667,175,165
0.199594887713382,1.24426811362508,1.0611170577135,1522.08723333333,175,165
-0.158270495756356,1.72458879491509,1.30206332856329,1523.9224,176,166
-0.182209886185336,1.73499382574289,1.30362740805224,1523.95576666667,176,166
-0.204802940562232,1.74208484635248,1.30330065449252,1523.98913333333,176,166
-3.47066091837032,1.64692026213893,1.11384738750574,1527.65946666667,177,167
-3.5869336777451,4.45894078307576,1.3904907468859,1532.39753333333,178,168
3.20427141802886,-5.52977401227147,1.81598879654573,1545.81093333333,179,169
-0.304355154365867,-2.76267041177865,1.90430632198226,1548.6471,180,170
-0.270889132430901,-2.78225865489923,1.91400092285131,1548.68046666667,180,170
-0.242319402395292,-2.82074909320435,1.93076743754971,1548.71383333333,180,170
-0.199898373316859,-2.81244486005475,1.9256921187166,1548.7472,180,170
-0.176145172893278,-2.86652806924444,1.94952860383496,1548.78056666667,180,170
-0.136664058230153,-2.8681066613554,1.94990825358778,1548.81393333333,180,170
-0.110144643980885,-2.90186579972525,1.96377082762266,1548.8473,180,170
4.12632430579999,-4.0797295568596,2.48823560995383,1554.41953333333,181,171
4.15103549391947,-4.08390418555367,2.49537700395812,1554.4529,181,171
4.14405585412295,-4.05151348088695,2.49122888575711,1554.48626666667,181,171
4.18535938596055,-4.00285001501585,2.48898183783407,1554.6531,182,171
4.17218375363207,-3.97870405277364,2.47970836863218,1554.68646666667,182,171
5.39943289595812,-2.43969706262103,1.79182141425932,1557.8563,183,172
5.4344157644822,-2.42581284101873,1.78560010881362,1557.88966666667,183,172
5.47272432188736,-2.41857992672859,1.77767246516734,1557.92303333333,183,172
5.49560603099932,-2.40597871371482,1.76336437629543,1557.9564,183,172
5.55494516813778,-2.41167022376884,1.76019037774417,1557.98976666667,183,172
5.63925594344905,-2.39069797624639,1.72932319262374,1558.08986666667,184,172
2.67626470079455,-2.2409814746235,1.49259556117847,1559.09086666667,185,173
7.16133626195745,-3.4082615413356,2.45135936485751,1561.29306666667,186,174
7.23028182266786,-3.48044424989233,2.48094073933661,1561.32643333333,186,174
4.11813361553959,0.839436113416944,1.24718586083821,1562.52763333333,187,175
4.10880282194259,0.875429987603208,1.24375033933519,1562.561,187,175
2.36109808053237,5.56926983329422,0.648298162173692,1571.2697,188,176
2.32623565503012,5.53160345751825,0.641114368857822,1571.30306666667,188,176
2.27434796198924,5.4466479171216,0.632856983148763,1571.33643333333,188,176
2.24877103554009,5.43822977223177,0.624563991439422,1571.3698,188,176
0.366606227387258,3.4369988826651,0.9322655803541,1580.0785,189,177
0.370155104690564,3.4153396168384,0.926880194120703,1580.11186666667,189,177
1.18083513829509,0.880275482456286,1.00858923522818,1589.32106666667,190,178
1.18807899801531,0.875636032277614,1.01575011298559,1589.35443333333,190,178
1.19431073325312,0.87068356730463,1.0220067676467,1589.3878,190,178
1.20183103285582,0.866659784398512,1.02918119017787,1589.42116666667,190,178
1.20769234834049,0.863378595291507,1.03568369493572,1589.45453333333,190,178
1.21340784669572,0.860791017545524,1.04255793448916,1589.4879,190,178
1.21663686023075,0.859158761601001,1.04994850699575,1589.52126666667,190,178
-4.18166234535651,6.34568879124077,1.11885759718422,1603.2016,191,179
6.27409774151985,-4.38211881743789,1.63790036294467,1617.5159,192,180
6.30865666609074,-4.41207769868988,1.64705992037876,1617.54926666667,192,180
3.08373132468921,-5.38282701780314,3.1025785226421,1642.1405,193,181
-3.19673382077687,-4.67454003546682,2.15146635653846,1644.0424,194,182
-3.20269029835962,-4.68269904350334,2.16392565922869,1644.07576666667,194,182
11.4549267369772,0.910156409200773,3.03771855752513,1648.27996666667,195,183
11.4130310881258,0.867618376248349,3.03255834039584,1648.31333333333,195,183
0.640526493224855,-5.90798462182324,2.27997501462484,1648.68036666667,196,184
0.673212246031322,-5.94224740053275,2.2936186585019,1648.71373333333,196,184
-4.70511308783083,-0.73633129065252,1.85806582224953,1649.7481,197,185
-4.7131687538629,-0.712376004788723,1.85085247187472,1649.78146666667,197,185
-4.73019283750575,-0.695056670488454,1.84521219943249,1649.81483333333,197,185
4.03797238643767,-4.68798962259335,2.65147103693006,1652.98466666667,198,186
4.04507590572271,-4.62809576196757,2.6327144664024,1653.01803333333,198,186
5.73456843611889,-3.40590417178117,2.49023894621571,1655.1535,199,187
5.17046453626319,-1.89911793794171,2.44563385106099,1657.32233333333,200,188
5.14531483197563,-1.87294147539686,2.4390744916123,1657.3557,200,188
5.12089481324926,-1.8452266848043,2.43238563479194,1657.38906666667,200,188
4.92791144946327,-0.515799979185612,2.21708694696206,1659.52453333333,201,189
4.93118868188153,-0.491662782514584,2.20774728577192,1659.5579,201,189
4.81932615816552,1.30378205738971,1.55986346468704,1661.69336666667,202,190
4.80738655706438,1.32608266635344,1.56021492596809,1661.72673333333,202,190
4.03713207055911,2.70432955300429,1.3492830298202,1664.19586666667,203,191
4.01971156623366,2.70933082477012,1.34634380536683,1664.22923333333,203,191
3.83873964600091,3.63411385318413,1.28411168434049,1666.33133333333,204,192
5.37481882584532,-3.19555219560474,2.1217389330909,1669.668,205,193
5.42554329668992,-3.18367952894502,2.12658460303403,1669.70136666667,205,193
5.46142408350422,-3.17334780908345,2.13015767821157,1669.73473333333,205,193
5.4509933335792,-3.13207737699568,2.12120994511775,1669.7681,205,193
6.15553598512565,-1.15625989674217,2.09300481621302,1672.23723333333,206,194
4.77865694490046,-2.27902066924446,2.08724159419775,1677.0754,207,195
4.76785802175822,-2.27822350252803,2.08359352026746,1677.10876666667,207,195
3.90382574943793,-2.84121716986924,2.0675462337419,1679.4778,208,196
3.89261738431978,-2.85226107091361,2.07254697587,1679.51116666667,208,196
2.30960229693836,-6.65110246553537,1.96433785271571,1682.64763333333,209,197
2.30684240111194,-6.68812785201262,1.96818767035366,1682.681,209,197
2.68840056542347,-1.62285766647927,1.88561451868996,1684.64963333333,210,198
2.67392887621803,-1.61040970389042,1.88448388487824,1684.683,210,198
2.66013509701238,-1.59819444064844,1.88293239066905,1684.71636666667,210,198
2.65004311485786,-1.58918203626741,1.88634238744075,1684.74973333333,210,198
2.63740207233199,-1.57875789705369,1.88679622786602,1684.7831,210,198
3.46377303437069,1.3310104950292,1.72714101478191,1689.4878,211,199
4.33622971108275,-5.26618071635349,2.38835363701912,1713.14476666667,212,200
2.39081838245376,-4.72486165482062,2.03824838958154,1717.24886666667,213,201
2.38159416505426,-4.738283972633,2.03361157028535,1717.28223333333,213,201
2.35692345387606,-4.75093740608801,2.02589613465324,1717.34896666667,214,201
-1.19987136411205,-1.37957613995487,1.26367957811608,1747.31223333333,215,202
-1.19864887662903,-1.37660803101921,1.2660984832841,1747.3456,215,202
-8.92705768854931,1.16011023979619,1.90777650936049,1750.88246666667,216,203
-8.91905249400141,1.13763448162244,1.91362071963641,1750.91583333333,216,203
-4.69325590882282,-1.04369805252985,2.7580750506365,1755.6539,217,204
-4.67991778780237,-1.0854239780681,2.76426060441654,1755.68726666667,217,204
-4.66159870309823,-1.12704185963499,2.77012249480755,1755.72063333333,217,204
-4.64498796746786,-1.17059854811689,2.77765369549002,1755.754,217,204
6.67073022924432,-5.05005097044848,2.07852152062857,1756.12103333333,218,205
6.64510469186905,-5.05213444133428,2.08429088678906,1756.1544,218,205
-1.0003891418262,-5.41750661949081,2.02729836155991,1757.756,219,206
-0.988264770869457,-5.34708144856816,2.01098971505059,1757.78936666667,219,206
-2.13762420695644,-5.71989099629422,3.07962755775951,1759.3576,220,207
-2.11754622841285,-5.79307359646242,3.10051479556509,1759.39096666667,220,207
-2.05461015127663,-5.76571980778505,3.07619415967254,1759.42433333333,220,207
4.94873977393385,-6.18899969865163,2.56774118037804,1759.39096666667,221,208
-5.42115805963685,4.62075081757169,2.54187272349162,1768.83373333333,222,209
-5.37214135567618,4.5789585163056,2.54072673725404,1768.8671,222,209
-2.69926493416705,-8.04037401043065,2.28848187623976,1769.6679,223,210
-3.60625449196107,-6.96517567533125,1.72574027538323,1772.73763333333,224,211
-8.47943444784555,-0.741047321224145,2.29734927531296,1780.3786,225,212
-8.52981607182568,-0.755535154655825,2.31493737240962,1780.41196666667,225,212
4.47593611094316,-5.76006683306611,1.97781468297734,1792.45733333333,226,213
4.46104824939005,-5.72487244788136,1.97699117804911,1792.4907,226,213
4.47235464844644,-5.73673392381537,1.98466807433906,1792.52406666667,226,213
4.45575437094261,-5.70533516384023,1.98342372078317,1792.55743333333,226,213
4.48594076391831,-5.73279393223379,1.99510291590468,1792.5908,226,213
1.52259942093623,-2.00733823298901,1.50435245383324,1809.6078,227,214
1.52033193045729,-2.00455161389121,1.49566527469863,1809.64116666667,227,214
3.83987931620738,-11.4758490392303,2.93197161896471,1819.35086666667,228,215
6.28207231569812,0.630977555914044,1.38833578445392,1826.09093333333,229,216
6.31566916220324,0.636652810591273,1.3903194368641,1826.1243,229,216
6.27766405446571,0.633919064181026,1.38222898957369,1826.15766666667,229,216
3.68190845120855,-8.18650569580739,2.86699895392257,1826.69153333333,230,217
3.66120909312526,-8.12035767770176,2.8554613622985,1826.7249,230,217
3.69857962629124,-8.2040742669763,2.88839525801588,1826.75826666667,230,217
10.679436886912,0.799418878246243,1.82983341563508,1827.65916666667,231,218
8.78108030605856,1.27024137548904,1.57925170808227,1829.9281,232,219
8.68145657653508,1.27245493363339,1.56987461693349,1829.96146666667,232,219
8.63875475958297,1.28079495238917,1.56183232652039,1829.99483333333,232,219
7.95859531468895,2.60915890386233,1.14715520779805,1832.3305,233,220
0.720365559962199,-0.212708937637024,0.800497937266843,1834.79963333333,234,221
-0.0451430895717204,-2.13253287761962,2.06531798486823,1838.70353333333,235,222
-0.0581220362501543,-2.11387279117989,2.06546487348846,1838.7369,235,222
-0.0743051504337621,-2.09240479097195,2.06691009116332,1838.77026666667,235,222
-0.0905581960792665,-2.07672311232232,2.07079539767796,1838.80363333333,235,222
-1.40460110806911,3.93037212378024,1.10042301743037,1845.91073333333,236,223
10.3253913986844,8.34621609148098,1.37773259847554,1864.29576666667,237,224
7.49007030238197,6.59402652818236,1.57796910963029,1867.43223333333,238,225
7.4504270151028,6.57246344404767,1.58032439379821,1867.4656,238,225
2.25536867245995,4.6378544713648,1.57084172616685,1874.03883333333,239,226
2.24563057215137,4.66328714274135,1.58199447265556,1874.0722,239,226
2.23568824883824,4.70514350773266,1.59904074961295,1874.10556666667,239,226
2.2039717096301,4.68271652995325,1.60343225037203,1874.13893333333,239,226
2.18387178583107,4.69046508189769,1.61170982832514,1874.1723,239,226
2.2507160153066,-5.00366250396218,3.06243171180683,1877.24203333333,240,227
2.26675774105772,-5.083306928285,3.08072039256271,1877.2754,240,227
2.26884375453012,-5.12603172293179,3.08003774869453,1877.30876666667,240,227
2.26065605055978,-5.13307292274643,3.06214325043558,1877.34213333333,240,227
5.48561567517517,-3.63945185578873,1.77057364703774,1896.32776666667,241,228
5.45262836307715,-3.6002690424817,1.77260848525888,1896.36113333333,241,228
5.45207747168112,-3.58183256290425,1.7823671705752,1896.3945,241,228
5.4383511947006,-3.55504989175214,1.78930708464995,1896.42786666667,241,228
5.41082907231906,-0.143985902631541,1.6577323365405,1900.0982,242,229
5.43022472431985,-0.116566027599097,1.65721796811633,1900.13156666667,242,229
6.95229593505933,-0.452130995368071,2.65225755767172,1904.53596666667,243,230
6.9522695564279,-0.429904971491246,2.6554047331456,1904.56933333333,243,230
6.96155820867533,-0.410102033698734,2.66079652328338,1904.6027,243,230
6.96432988359913,-0.385161488233931,2.66121913715365,1904.63606666667,243,230
6.97325134309675,-0.363233615878883,2.66276755503383,1904.66943333333,243,230
-6.30907986303129,-2.74014141491106,3.09141128748407,1946.27766666667,244,231
-6.23561106569232,-2.72832669732963,3.07803019874459,1946.31103333333,244,231
-6.27225561671201,-2.76577742481885,3.10043440687482,1946.3444,244,231
-1.59933973233275,-3.42159159648368,2.13176845147259,1950.68206666667,245,232
-1.56526121524542,-3.41529723940377,2.1184842159975,1950.71543333333,245,232
-1.56219141563432,-3.4576602992405,2.12652837371875,1950.7488,245,232
-8.21602342644486,-2.86710739486385,3.95980846914814,2000.76543333333,246,233
-8.23031751776717,-2.8513389233126,3.98738844859036,2000.7988,246,233
-6.54345165117589,1.27059989938556,2.83499022479496,2006.27093333333,247,234
-6.51546094164275,1.30633032793999,2.82482038436143,2006.3043,247,234
-6.47524977370428,1.34086625455279,2.81290110132472,2006.33766666667,247,234
-3.62253694368506,6.13142510464955,1.15145888366764,2011.64296666667,248,235
-3.62664337388245,6.19509838143735,1.1579869807727,2011.67633333333,248,235
-2.79358476708409,1.8644540649558,1.74397352160001,2017.34866666667,249,236
-2.78770246337866,1.83362788205366,1.75261807579996,2017.38203333333,249,236
-2.77842540670762,1.800418202343,1.76174759017073,2017.4154,249,236
-2.76489167383005,1.76553538492607,1.7691979867186,2017.44876666667,249,236
-2.74962210457765,1.72764103097837,1.77745879240701,2017.48213333333,249,236
-1.60905798890301,-1.08319229413479,2.04099509026694,2020.018,250,237
-1.60269689574412,-1.11341522757913,2.04333209948958,2020.05136666667,250,237
-1.5917000666954,-1.14609544909296,2.04193718775912,2020.08473333333,250,237
-1.58924966854656,-1.18102695851072,2.0447406476116,2020.1181,250,237
-1.58324891501782,-1.21807269415908,2.0436651360996,2020.15146666667,250,237
-1.59839680225563,-1.43810824888393,2.08513817052844,2020.4184,251,237
-1.6009741818375,-1.45914158545693,2.09283368027137,2020.45176666667,251,237
-0.0715559732813661,-3.07386961529556,2.11959295440775,2022.7207,252,238
-0.0447304365363056,-3.06255028764122,2.11012745470607,2022.75406666667,252,238
2.9898816877607,-4.28598057995206,2.29845721258847,2028.45976666667,253,239
3.00509404779212,-4.23913468569783,2.29138742924392,2028.49313333333,253,239
3.06536654178444,-4.27122875981323,2.31673931960089,2028.5265,253,239
6.34253766081539,-6.16200571468356,2.91179124528138,2037.2352,254,240
3.78213518493943,0.356658968751536,1.69587462132525,2126.8247,255,241
3.7580995777946,0.369929881207192,1.70301609961869,2126.85806666667,255,241
3.74118206711855,0.383343458760567,1.71397745970289,2126.89143333333,255,241
3.71609686168172,0.395045031910238,1.72404904455258,2126.9248,255,241
3.69519720307301,0.403148987036133,1.73599437776936,2126.95816666667,255,241
3.67373346463998,0.410839717339371,1.74523361788495,2126.99153333333,255,241
3.6609703294959,0.419535941146981,1.7607689946952,2127.0249,255,241
3.64489943145289,0.427965380358833,1.76860973349336,2127.05826666667,255,241
3.6309264099642,0.434791342667696,1.77870065012284,2127.09163333333,255,241
3.61680691357189,0.440377270771611,1.78532052043736,2127.125,255,241
3.59799349250798,0.444697954232287,1.79190699041559,2127.15836666667,255,241
-5.15723187000618,1.12524741871445,2.12359229802964,2148.07926666667,256,242
-5.18187790834649,1.12288704015864,2.11417850101269,2148.11263333333,256,242
8.00780327083345,8.15459844931211,1.60386680961095,2174.00516666667,257,243
-5.75487774515055,-0.670078834791503,4.00576463386872,2187.21836666667,258,244
-3.29073426548017,4.08451951616105,2.78661495358594,2189.75423333333,259,245
2.08171174492846,5.01369859525206,1.96982570123772,2200.4983,260,246
2.06815857092987,4.97110424940795,1.96908318173673,2200.53166666667,260,246
2.06798915195358,4.95956258636991,1.97929392040242,2200.56503333333,260,246
0.0503985427082769,1.44203370389746,2.54574931351029,2205.43656666667,261,247
0.0438945921505992,1.41966100521409,2.54661233687417,2205.46993333333,261,247
0.0354655281409304,1.39044036371002,2.54863119179733,2205.5033,261,247
0.0283808140871621,1.360796002242,2.54975618318734,2205.53666666667,261,247
0.0217804979321511,1.33222762871817,2.5514822317786,2205.57003333333,261,247
0.0152075458688722,1.30615463305947,2.55468356156191,2205.6034,261,247
0.00868916144970266,1.28787065439287,2.56343500267284,2205.63676666667,261,247
-1.47401054886762,0.12785913054004,2.33017461111874,2208.03916666667,262,248
-1.50177421815988,0.12463091875987,2.32782094216817,2208.07253333333,262,248
-1.53321824705472,0.119141552873021,2.32511825302519,2208.1059,262,248
-1.56427535652099,0.112966813117334,2.32339860598891,2208.13926666667,262,248
-1.59311789513404,0.106856337467848,2.3223701955288,2208.17263333333,262,248
-3.57184362010594,-0.35800753101166,2.3597771686905,2210.5083,263,249
-3.60451888942484,-0.365436659884443,2.36072472508058,2210.54166666667,263,249
-3.62375055665223,-0.369819095872909,2.36050971307465,2210.57503333333,263,249
1.04986967153977,4.69853263302647,1.21947581838171,2213.7115,264,250
1.05401405402183,4.69972890020015,1.22408612535248,2213.74486666667,264,250
4.19349566833947,-2.6309935279091,1.64410579196885,2271.90296666667,265,251
4.18927065900955,-2.62888343302149,1.64009480794802,2271.93633333333,265,251
4.45023508522519,-1.42436384128332,1.27448730197129,2275.6734,266,252
4.4619569260279,-1.41997778259261,1.27610557797849,2275.70676666667,266,252
-2.65987977808252,-6.43159368387304,3.19014918086943,2321.1188,267,253
-2.68255268144664,-6.3854995724684,3.17885071601061,2321.15216666667,267,253
-2.65393454919817,-6.23928031050736,3.13071674281698,2321.18553333333,267,253
-5.22312202388102,-2.20879297468986,3.14867872185933,2324.38873333333,268,254
4.54366896824509,2.68360808117812,2.95666425767466,2325.85686666667,269,255
4.49777317220996,2.68989324088428,2.96047663368463,2325.89023333333,269,255
4.46460851154995,2.70563090190978,2.97016284832777,2325.9236,269,255
4.41643655983759,2.71024604649907,2.96803726422743,2325.95696666667,269,255
-0.81412717893343,-0.91541041373817,1.38477600297891,2329.46046666667,270,256
1.95622367309168,3.8962242548053,1.99425305568919,2329.59393333333,271,257
1.90562180894747,3.86779626841094,1.98997441954901,2329.6273,271,257
1.86188973218497,3.85936361994541,1.99330923217956,2329.66066666667,271,257
1.80224183831717,3.80983591657275,1.97939795696747,2329.69403333333,271,257
1.75877912152883,3.80330739376689,1.98264703234202,2329.7274,271,257
1.71220935494617,3.78066862199008,1.97963855364591,2329.76076666667,271,257
-1.91323143227801,0.617534531455218,1.47218336340186,2335.59993333333,272,258
-1.92875349392883,0.638326459585698,1.45907995953475,2335.66666666667,273,258
-2.7495626357098,1.62103228032653,2.82312692633076,2346.7444,274,259
-2.73576618355259,1.62112058034067,2.83109948816747,2346.77776666667,274,259
-2.73051235294338,1.62555889552168,2.84547893642022,2346.81113333333,274,259
-2.71774146237231,1.6253184403953,2.85489294844823,2346.8445,274,259
-2.71063839118783,1.62682722811341,2.86862045463273,2346.87786666667,274,259
-5.12814287345844,2.67442622039021,0.98687777128698,2387.35163333333,275,260
-5.05431820017604,-0.57658913111008,2.21646920909807,2387.5852,276,261
-5.03104628476208,-0.587700007759272,2.216565782129,2387.61856666667,276,261
-5.0223187329493,-0.607214588342304,2.22404118997653,2387.65193333333,276,261
-3.71383642874576,1.64300904616402,1.09433626531305,2389.8875,277,262
-3.68280311976689,1.62547401440488,1.1011837648713,2389.92086666667,277,262
-3.26981250894919,4.33984037519379,0.581614967520434,2391.82276666667,278,263
-3.2620804759085,4.33754068766635,0.579231291011199,2391.85613333333,278,263
-3.24056228975596,4.31710215829837,0.577413664355312,2391.8895,278,263
-2.91714693830794,0.465098802416671,1.57912721348697,2392.52346666667,279,264
-2.8982760431365,0.45028494244873,1.58796856626324,2392.55683333333,279,264
-2.87857252371333,0.435891582044516,1.59754779549939,2392.5902,279,264
-1.24486243557527,-0.627090172970598,1.89697733442747,2395.05933333333,280,265
-1.21536255958307,-0.630119735101395,1.89804552757304,2395.0927,280,265
-1.1880896416635,-0.634494241318254,1.90142415792862,2395.12606666667,280,265
0.988289594948331,-1.37212832101448,1.99917373778691,2397.62856666667,281,266
1.01558662258093,-1.37657733846214,1.99619403075686,2397.66193333333,281,266
1.04645268076337,-1.38268024909287,1.99507754402334,2397.6953,281,266
5.28803126843674,0.856968298627636,1.39184225949217,2412.0096,282,267
5.22719572889677,-4.80258209113219,1.94550250491023,2501.76593333333,283,268
-2.79162802670562,-8.28984335383869,4.0363011526575,2557.88866666667,284,269
-2.75406412742545,-8.11059175124658,3.97068230875896,2557.92203333333,284,269
-3.70733914991443,-5.77219443806819,4.27242280122699,2561.9594,285,270
-5.11681869187585,-4.35441864739981,4.17863900704382,2566.53063333333,286,271
-5.16089143611682,-4.34407157417389,4.17515300635844,2566.59736666667,287,271
-3.38885095168294,-1.01770356158809,1.64221583024829,2637.56826666667,288,272
-3.3983578365517,-1.03423545546342,1.64263108928478,2637.60163333333,288,272
-3.41197576640439,-1.05188477454285,1.64207752330753,2637.635,288,272
-3.99098780175149,-1.57677902607692,0.877014281716337,2643.9413,289,273
-4.02574118408125,-1.58427575875939,0.873106795311498,2643.97466666667,289,273
-4.02584688705213,-1.57593340920863,0.871138782077394,2644.10813333333,290,273
-5.27891201298552,-0.4626917641766,2.84106769108146,2651.18186666667,291,274
-5.23792039242834,-0.474905557986429,2.84589550744742,2651.21523333333,291,274
-5.21686532768548,-0.489986801633946,2.85987660276575,2651.2486,291,274
-5.1777832672046,-0.503334472952322,2.86388873585009,2651.28196666667,291,274
-5.16216210005629,-0.522115210522443,2.88051180872116,2651.31533333333,291,274
2.74788551533494,-3.57361009436383,3.16998352940951,2659.49016666667,292,275
2.78421575575936,-3.5863558674329,3.17640740843985,2659.52353333333,292,275
2.8124537440384,-3.58304111772262,3.17045646420577,2659.5569,292,275
2.85507296895695,-3.60552870659713,3.18151888468147,2659.59026666667,292,275
2.8941874932725,-3.62346283523164,3.19040443517116,2659.62363333333,292,275
2.91144059317279,-3.61555346568707,3.18042691004241,2659.657,292,275
2.94309305319934,-3.62480028413542,3.18084614604529,2659.69036666667,292,275
-7.85623633368969,6.21583439934345,0.758690468426743,2847.67816666667,293,276
2.0349930856569,4.71523235449369,1.08544815337978,2858.58906666667,294,277
2.03187624639339,4.71001406727411,1.08430747158667,2858.62243333333,294,277
2.00241763140236,4.62777886175868,1.0737357858219,2858.6558,294,277
0.43015888606742,-1.56561020400849,2.59988835118018,2866.33013333333,295,278
0.117614978823807,-1.81399923656568,2.82760431828128,2866.93073333333,296,278
-1.04604819681779,9.97957526424598,1.17936578614038,2894.7919,297,279
-1.07020732733646,10.1146357352833,1.19589216495461,2894.82526666667,297,279
-1.06985014039159,10.1751803785578,1.20199170469532,2894.85863333333,297,279
-3.17413083807474,1.79758588989719,1.58595252903399,2901.13156666667,298,280
7.62191413745122,-4.36456255930801,4.93536967907225,2902.6998,299,281
7.57759635944061,-4.37391434922516,4.93836416160933,2902.73316666667,299,281
7.50992590310085,-4.36856855351823,4.92883076021514,2902.76653333333,299,281
6.45595557680383,-1.13073630863184,2.28304341040814,2905.2023,300,282
6.41752000355718,-1.1059405358755,2.27978841312648,2905.23566666667,300,282
6.39394053678567,-1.08820307901717,2.27787142050121,2905.26903333333,300,282
6.41598796493385,-1.07532516436288,2.29172798826972,2905.3024,300,282
1.19425054098183,-4.05031842675436,4.86639371666184,2907.33776666667,301,283
1.14924873913137,-4.03689206646489,4.8731588348375,2907.37113333333,301,283
1.09786059665794,-3.99433481622406,4.84752570547316,2907.4045,301,283
1.04862709091406,-3.97731950087608,4.8504929340929,2907.43786666667,301,283
1.99164188466637,2.70814392584547,1.78606976329738,2910.94136666667,302,284
1.95717835851172,2.72368888153225,1.77788619928584,2910.97473333333,302,284
1.78317686357574,2.80419237970387,1.745908993419,2911.14156666667,303,284
1.75802864914851,2.82647490776638,1.74479227402291,2911.17493333333,303,284
1.71875805580717,2.82398274604161,1.73297077374152,2911.2083,303,284
1.68936095795767,2.83050212930269,1.72652234592446,2911.24166666667,303,284
1.67416175817326,2.85651718800792,1.73049477649647,2911.27503333333,303,284
7.11131823220004,-4.01765829617411,1.71667490995538,2977.30766666667,304,285
7.09631933127966,-4.00741192998098,1.71370051576808,2977.34103333333,304,285
4.16614550232872,-4.69169832865056,1.73937287051587,2979.7768,305,286
3.55712651173751,-1.07704162949541,0.916750222548362,2984.51486666667,306,287
3.54885234804493,-1.08342894210529,0.914957779258653,2984.54823333333,306,287
3.53959180424344,-1.08916165323723,0.912386139730969,2984.5816,306,287
3.25130629325459,-1.07835258909621,0.803339869206474,2985.14883333333,307,287
7.27781024111476,1.07452830247999,2.67489351834938,3007.1041,308,288
7.25160796633633,1.06478609644342,2.67612852526062,3007.13746666667,308,288
7.25787540082922,1.06175757717654,2.6845233734617,3007.17083333333,308,288
7.28653502900635,1.05173912131083,2.69459887391456,3007.2042,308,288
2.239342977544,-1.00927826084392,1.40208931110824,3008.53886666667,309,289
2.22248010648312,-1.01231544049429,1.41049263772057,3008.57223333333,309,289
2.19260054523695,-1.0140824797775,1.41835723865881,3008.6056,309,289
2.16700851652491,-1.01903063610599,1.42857315864394,3008.63896666667,309,289
2.1384613188175,-1.02317786293266,1.43659091702607,3008.67233333333,309,289
2.10837719870409,-1.02834181543591,1.44498851929491,3008.7057,309,289
2.0763694543073,-1.03357759337173,1.4516322338781,3008.73906666667,309,289
2.04963690601468,-1.04224992994515,1.46012650819812,3008.77243333333,309,289
2.0006586473181,-1.044196434125,1.46360820835993,3008.8058,309,289
0.137823926763785,1.17306620754126,1.34004694477894,3011.6086,310,290
0.124216135189796,1.20960564932338,1.33501879077787,3011.64196666667,310,290
0.110094211574133,1.24702766882481,1.33136537579325,3011.67533333333,310,290
0.096168033820749,1.28221994684757,1.32540312920885,3011.7087,310,290
0.0814778597892448,1.31854620903031,1.32016819354293,3011.74206666667,310,290
-0.452956387552415,0.583018940474384,2.65210757904952,3015.17883333333,311,291
-0.490715419101856,0.589162240792044,2.63924116576465,3015.2122,311,291
-0.534343106103794,0.596269076328955,2.62383557628061,3015.24556666667,311,291
-0.578806498963875,0.604172635982496,2.60813411171911,3015.27893333333,311,291
-0.622986249602534,0.610961659357059,2.59342049229367,3015.3123,311,291
-0.666671283068969,0.617957397325949,2.57986716011722,3015.34566666667,311,291
-0.707754864454003,0.625688400636683,2.56672369544513,3015.37903333333,311,291
-0.750403559634294,0.635035255869703,2.55567527422403,3015.4124,311,291
-0.788274457941006,0.644034776395129,2.54484243688446,3015.44576666667,311,291
-0.826717548466671,0.654174219128068,2.53452478946024,3015.47913333333,311,291
-0.867515590016091,0.663839410320274,2.52175793068562,3015.5125,311,291
-0.900694065213852,0.671124630095074,2.51026549341962,3015.54586666667,311,291
-0.94614192573787,0.679967328728538,2.49747432487393,3015.57923333333,311,291
-0.984119870549486,0.684836164743645,2.4826682172203,3015.6126,311,291
-1.02633960109918,0.689589802456401,2.46504482210122,3015.64596666667,311,291
7.72568482279461,-1.94265199898159,2.69344542392382,3066.49676666667,312,292
7.71936352890258,-1.98143830456741,2.70498107537337,3066.53013333333,312,292
